先メニュー,ファイル,件数
ハイドラジェントル,01_ハイドラジェントル.csv,29
ケミカルピーリング,02_ケミカルピーリング.csv,32
スマートサイドドット（2回目以降）,03_スマートサイドドット_2回目以降.csv,32
スマートサイドドット（初回）,04_スマートサイドドット_初回.csv,32
イボレーザー/CO2レーザー,05_イボレーザー_CO2レーザー.csv,32
シミ取りレーザー,06_シミ取りレーザー.csv,30
ADM/ピコレーザ,07_ADM_ピコレーザ.csv,29
ADM/ナノレーザー,08_ADM_ナノレーザー.csv,30
レーザートーニング,09_レーザートーニング.csv,32
ピコトーニング,10_ピコトーニング.csv,32
ピコフラクショナル,11_ピコフラクショナル.csv,32
そばかすシャワー,12_そばかすシャワー.csv,32
そばかすスポット,13_そばかすスポット.csv,31
フォト/光治療,14_フォト_光治療.csv,32
赤み治療,15_赤み治療.csv,33
ボトックス,16_ボトックス.csv,32
ボトックス（マイクロ）,17_ボトックス_マイクロ.csv,32
テノールネオ,18_テノールネオ.csv,32
フラルスキン（トレチ）,19_フラルスキン_トレチ.csv,31
部分シミ（トレチ）,20_部分シミ_トレチ.csv,31
mikoメソッド,21_mikoメソッド.csv,29
ほくろ切除/ほくろ除去,22_ほくろ切除_ほくろ除去.csv,31
ボライト,23_ボライト.csv,30
稗粒腫,24_稗粒腫.csv,31
ヴェルヴェットスキン,25_ヴェルヴェットスキン.csv,33
ダーマペン,26_ダーマペン.csv,32
HARG,27_HARG.csv,33
スカルプ・プラセンタエッセンス,28_スカルプ_プラセンタエッセンス.csv,33
コラーゲンピール,29_コラーゲンピール.csv,32
サーマクール,30_サーマクール.csv,32
ミラドライ,31_ミラドライ.csv,8
脱毛,32_脱毛.csv,33
タトゥー,33_タトゥー.csv,33
アートメイク,34_アートメイク.csv,33
