question,answer,category,keywords
脱毛の後にハイドラジェントルはいつ受けられますか？／脱毛とハイドラジェントルは同日にできますか？／脱毛してからハイドラジェントルは何日あけますか？,脱毛とハイドラジェントルは、別の部位であれば原則として同日に受けられます。脱毛したのと同じ部位にハイドラジェントルを行う場合は2週間あけてください。詳しくは診察時に医師へご相談ください。,施術間隔,"脱毛,医療脱毛,ハイドラジェントル,ハイドラジェントル,同日,間隔,何日あける,次の施術"
脱毛の後にケミカルピーリングはいつ受けられますか？／脱毛とケミカルピーリングは同日にできますか？／脱毛してからケミカルピーリングは何日あけますか？,脱毛とケミカルピーリングは、別の部位であれば原則として同日に受けられます。脱毛したのと同じ部位にケミカルピーリングを行う場合は2週間あけてください。詳しくは診察時に医師へご相談ください。,施術間隔,"脱毛,医療脱毛,ケミカルピーリング,ケミカルピーリング,同日,間隔,何日あける,次の施術"
脱毛の後にスマートサイドドット（2回目以降）はいつ受けられますか？／脱毛とスマートサイドドット（2回目以降）は同日にできますか？／脱毛してからスマートサイドドット（2回目以降）は何日あけますか？,脱毛とスマートサイドドット（2回目以降）は、別の部位であれば原則として同日に受けられます。脱毛したのと同じ部位にスマートサイドドット（2回目以降）を行う場合は2週間あけてください。詳しくは診察時に医師へご相談ください。,施術間隔,"脱毛,医療脱毛,スマートサイドドット（2回目以降）,スマートサイドドット（2回目以降）,同日,間隔,何日あける,次の施術"
脱毛の後にスマートサイドドット（初回）はいつ受けられますか？／脱毛とスマートサイドドット（初回）は同日にできますか？／脱毛してからスマートサイドドット（初回）は何日あけますか？,脱毛とスマートサイドドット（初回）は、別の部位であれば原則として同日に受けられます。脱毛したのと同じ部位にスマートサイドドット（初回）を行う場合は2週間あけてください。詳しくは診察時に医師へご相談ください。,施術間隔,"脱毛,医療脱毛,スマートサイドドット（初回）,スマートサイドドット（初回）,同日,間隔,何日あける,次の施術"
脱毛の後にイボレーザー/CO2レーザーはいつ受けられますか？／脱毛とイボレーザー/CO2レーザーは同日にできますか？／脱毛してからイボレーザー/CO2レーザーは何日あけますか？,脱毛とイボレーザー/CO2レーザーは、別の部位であれば原則として同日に受けられます。脱毛したのと同じ部位にイボレーザー/CO2レーザーを行う場合は2週間あけてください。詳しくは診察時に医師へご相談ください。,施術間隔,"脱毛,医療脱毛,イボレーザー/CO2レーザー,イボレーザー,CO2レーザー,同日,間隔,何日あける,次の施術"
脱毛の後にシミ取りレーザーはいつ受けられますか？／脱毛とシミ取りレーザーは同日にできますか？／脱毛してからシミ取りレーザーは何日あけますか？,脱毛とシミ取りレーザーは、別の部位であれば原則として同日に受けられます。脱毛したのと同じ部位にシミ取りレーザーを行う場合は2週間あけてください。詳しくは診察時に医師へご相談ください。,施術間隔,"脱毛,医療脱毛,シミ取りレーザー,シミ取りレーザー,同日,間隔,何日あける,次の施術"
脱毛の後にADM/ピコレーザはいつ受けられますか？／脱毛とADM/ピコレーザは同日にできますか？／脱毛してからADM/ピコレーザは何日あけますか？,脱毛とADM/ピコレーザは、別の部位であれば原則として同日に受けられます。脱毛したのと同じ部位にADM/ピコレーザを行う場合は2週間あけてください。詳しくは診察時に医師へご相談ください。,施術間隔,"脱毛,医療脱毛,ADM/ピコレーザ,ADM,ピコレーザ,同日,間隔,何日あける,次の施術"
脱毛の後にADM/ナノレーザーはいつ受けられますか？／脱毛とADM/ナノレーザーは同日にできますか？／脱毛してからADM/ナノレーザーは何日あけますか？,脱毛とADM/ナノレーザーは、別の部位であれば原則として同日に受けられます。脱毛したのと同じ部位にADM/ナノレーザーを行う場合は2週間あけてください。詳しくは診察時に医師へご相談ください。,施術間隔,"脱毛,医療脱毛,ADM/ナノレーザー,ADM,ナノレーザー,同日,間隔,何日あける,次の施術"
脱毛の後にレーザートーニングはいつ受けられますか？／脱毛とレーザートーニングは同日にできますか？／脱毛してからレーザートーニングは何日あけますか？,脱毛とレーザートーニングは、別の部位であれば原則として同日に受けられます。脱毛したのと同じ部位にレーザートーニングを行う場合は2週間あけてください。詳しくは診察時に医師へご相談ください。,施術間隔,"脱毛,医療脱毛,レーザートーニング,レーザートーニング,同日,間隔,何日あける,次の施術"
脱毛の後にピコトーニングはいつ受けられますか？／脱毛とピコトーニングは同日にできますか？／脱毛してからピコトーニングは何日あけますか？,脱毛とピコトーニングは、別の部位であれば原則として同日に受けられます。脱毛したのと同じ部位にピコトーニングを行う場合は2週間あけてください。詳しくは診察時に医師へご相談ください。,施術間隔,"脱毛,医療脱毛,ピコトーニング,ピコトーニング,同日,間隔,何日あける,次の施術"
脱毛の後にピコフラクショナルはいつ受けられますか？／脱毛とピコフラクショナルは同日にできますか？／脱毛してからピコフラクショナルは何日あけますか？,脱毛とピコフラクショナルは、別の部位であれば原則として同日に受けられます。脱毛したのと同じ部位にピコフラクショナルを行う場合は2週間あけてください。詳しくは診察時に医師へご相談ください。,施術間隔,"脱毛,医療脱毛,ピコフラクショナル,ピコフラクショナル,同日,間隔,何日あける,次の施術"
脱毛の後にそばかすシャワーはいつ受けられますか？／脱毛とそばかすシャワーは同日にできますか？／脱毛してからそばかすシャワーは何日あけますか？,脱毛とそばかすシャワーは、別の部位であれば原則として同日に受けられます。脱毛したのと同じ部位にそばかすシャワーを行う場合は2週間あけてください。詳しくは診察時に医師へご相談ください。,施術間隔,"脱毛,医療脱毛,そばかすシャワー,そばかすシャワー,同日,間隔,何日あける,次の施術"
脱毛の後にそばかすスポットはいつ受けられますか？／脱毛とそばかすスポットは同日にできますか？／脱毛してからそばかすスポットは何日あけますか？,脱毛とそばかすスポットは、別の部位であれば原則として同日に受けられます。脱毛したのと同じ部位にそばかすスポットを行う場合は2週間あけてください。詳しくは診察時に医師へご相談ください。,施術間隔,"脱毛,医療脱毛,そばかすスポット,そばかすスポット,同日,間隔,何日あける,次の施術"
脱毛の後にフォト/光治療はいつ受けられますか？／脱毛とフォト/光治療は同日にできますか？／脱毛してからフォト/光治療は何日あけますか？,脱毛とフォト/光治療は、別の部位であれば原則として同日に受けられます。脱毛したのと同じ部位にフォト/光治療を行う場合は2週間あけてください。詳しくは診察時に医師へご相談ください。,施術間隔,"脱毛,医療脱毛,フォト/光治療,フォト,光治療,同日,間隔,何日あける,次の施術"
脱毛の後に赤み治療はいつ受けられますか？／脱毛と赤み治療は同日にできますか？／脱毛してから赤み治療は何日あけますか？,脱毛と赤み治療は、別の部位であれば原則として同日に受けられます。脱毛したのと同じ部位に赤み治療を行う場合は2週間あけてください。詳しくは診察時に医師へご相談ください。,施術間隔,"脱毛,医療脱毛,赤み治療,赤み治療,同日,間隔,何日あける,次の施術"
脱毛の後にボトックスはいつ受けられますか？／脱毛とボトックスは同日にできますか？／脱毛してからボトックスは何日あけますか？,脱毛とボトックスは、別の部位であれば原則として同日に受けられます。脱毛したのと同じ部位にボトックスを行う場合は2週間あけてください。詳しくは診察時に医師へご相談ください。,施術間隔,"脱毛,医療脱毛,ボトックス,ボトックス,同日,間隔,何日あける,次の施術"
脱毛の後にボトックス（マイクロ）はいつ受けられますか？／脱毛とボトックス（マイクロ）は同日にできますか？／脱毛してからボトックス（マイクロ）は何日あけますか？,脱毛とボトックス（マイクロ）は、別の部位であれば原則として同日に受けられます。脱毛したのと同じ部位にボトックス（マイクロ）を行う場合は2週間あけてください。詳しくは診察時に医師へご相談ください。,施術間隔,"脱毛,医療脱毛,ボトックス（マイクロ）,ボトックス（マイクロ）,同日,間隔,何日あける,次の施術"
脱毛の後にフラルスキン部分シミはいつ受けられますか？／脱毛とフラルスキン部分シミは同日にできますか？／脱毛してからフラルスキン部分シミは何日あけますか？,脱毛とフラルスキン部分シミは、別の部位であれば原則として同日に受けられます。脱毛したのと同じ部位にフラルスキン部分シミを行う場合は2週間あけてください。詳しくは診察時に医師へご相談ください。,施術間隔,"脱毛,医療脱毛,フラルスキン部分シミ,フラルスキン部分シミ,同日,間隔,何日あける,次の施術"
脱毛の後にテノールネオはいつ受けられますか？／脱毛とテノールネオは同日にできますか？／脱毛してからテノールネオは何日あけますか？,脱毛とテノールネオは、別の部位であれば原則として同日に受けられます。脱毛したのと同じ部位にテノールネオを行う場合は2週間あけてください。詳しくは診察時に医師へご相談ください。,施術間隔,"脱毛,医療脱毛,テノールネオ,テノールネオ,同日,間隔,何日あける,次の施術"
脱毛の後にmikoメソッドはいつ受けられますか？／脱毛とmikoメソッドは同日にできますか？／脱毛してからmikoメソッドは何日あけますか？,脱毛とmikoメソッドは、別の部位であれば原則として同日に受けられます。脱毛したのと同じ部位にmikoメソッドを行う場合は2週間あけてください。詳しくは診察時に医師へご相談ください。,施術間隔,"脱毛,医療脱毛,mikoメソッド,mikoメソッド,同日,間隔,何日あける,次の施術"
脱毛の後にほくろ切除/ほくろ除去はいつ受けられますか？／脱毛とほくろ切除/ほくろ除去は同日にできますか？／脱毛してからほくろ切除/ほくろ除去は何日あけますか？,脱毛とほくろ切除/ほくろ除去は、別の部位であれば原則として同日に受けられます。脱毛したのと同じ部位にほくろ切除/ほくろ除去を行う場合は2週間あけてください。詳しくは診察時に医師へご相談ください。,施術間隔,"脱毛,医療脱毛,ほくろ切除/ほくろ除去,ほくろ切除,ほくろ除去,同日,間隔,何日あける,次の施術"
脱毛の後にボライトはいつ受けられますか？／脱毛とボライトは同日にできますか？／脱毛してからボライトは何日あけますか？,脱毛とボライトは、別の部位であれば原則として同日に受けられます。脱毛したのと同じ部位にボライトを行う場合は2週間あけてください。詳しくは診察時に医師へご相談ください。,施術間隔,"脱毛,医療脱毛,ボライト,ボライト,同日,間隔,何日あける,次の施術"
脱毛の後に稗粒腫はいつ受けられますか？／脱毛と稗粒腫は同日にできますか？／脱毛してから稗粒腫は何日あけますか？,脱毛と稗粒腫は、別の部位であれば原則として同日に受けられます。脱毛したのと同じ部位に稗粒腫を行う場合は2週間あけてください。詳しくは診察時に医師へご相談ください。,施術間隔,"脱毛,医療脱毛,稗粒腫,稗粒腫,同日,間隔,何日あける,次の施術"
脱毛の後にヴェルヴェットスキンはいつ受けられますか？／脱毛とヴェルヴェットスキンは同日にできますか？／脱毛してからヴェルヴェットスキンは何日あけますか？,脱毛とヴェルヴェットスキンは、別の部位であれば原則として同日に受けられます。脱毛したのと同じ部位にヴェルヴェットスキンを行う場合は4週間あけてください。詳しくは診察時に医師へご相談ください。,施術間隔,"脱毛,医療脱毛,ヴェルヴェットスキン,ヴェルヴェットスキン,同日,間隔,何日あける,次の施術"
脱毛の後にダーマペンはいつ受けられますか？／脱毛とダーマペンは同日にできますか？／脱毛してからダーマペンは何日あけますか？,脱毛とダーマペンは、別の部位であれば原則として同日に受けられます。脱毛したのと同じ部位にダーマペンを行う場合は2週間あけてください。詳しくは診察時に医師へご相談ください。,施術間隔,"脱毛,医療脱毛,ダーマペン,ダーマペン,同日,間隔,何日あける,次の施術"
脱毛の後にHARGはいつ受けられますか？／脱毛とHARGは同日にできますか？／脱毛してからHARGは何日あけますか？,脱毛の後にHARG（頭皮の施術で部位が異なります）は、翌日以降であれば受けられます。,施術間隔,"脱毛,医療脱毛,HARG,HARG,同日,間隔,何日あける,次の施術"
脱毛の後にスカルプ・プラセンタエッセンスはいつ受けられますか？／脱毛とスカルプ・プラセンタエッセンスは同日にできますか？／脱毛してからスカルプ・プラセンタエッセンスは何日あけますか？,脱毛の後にスカルプ・プラセンタエッセンス（頭皮の施術で部位が異なります）は、翌日以降であれば受けられます。,施術間隔,"脱毛,医療脱毛,スカルプ・プラセンタエッセンス,スカルプ・プラセンタエッセンス,同日,間隔,何日あける,次の施術"
脱毛の後にコラーゲンピールはいつ受けられますか？／脱毛とコラーゲンピールは同日にできますか？／脱毛してからコラーゲンピールは何日あけますか？,脱毛とコラーゲンピールは、別の部位であれば原則として同日に受けられます。脱毛したのと同じ部位にコラーゲンピールを行う場合は2週間あけてください。詳しくは診察時に医師へご相談ください。,施術間隔,"脱毛,医療脱毛,コラーゲンピール,コラーゲンピール,同日,間隔,何日あける,次の施術"
脱毛の後にサーマクールはいつ受けられますか？／脱毛とサーマクールは同日にできますか？／脱毛してからサーマクールは何日あけますか？,脱毛とサーマクールは、別の部位であれば原則として同日に受けられます。脱毛したのと同じ部位にサーマクールを行う場合は2週間あけてください。詳しくは診察時に医師へご相談ください。,施術間隔,"脱毛,医療脱毛,サーマクール,サーマクール,同日,間隔,何日あける,次の施術"
脱毛の後にミラドライはいつ受けられますか？／脱毛とミラドライは同日にできますか？／脱毛してからミラドライは何日あけますか？,脱毛とミラドライは、別の部位であれば原則として同日に受けられます。脱毛したのと同じ部位にミラドライを行う場合は2週間あけてください。詳しくは診察時に医師へご相談ください。,施術間隔,"脱毛,医療脱毛,ミラドライ,ミラドライ,同日,間隔,何日あける,次の施術"
脱毛の後に脱毛はいつ受けられますか？／脱毛と脱毛は同日にできますか？／脱毛してから脱毛は何日あけますか？,脱毛（同じ部位）の間隔は、1回目から2回目までが4週間、2回目以降は8週間です。男性のひげは回数にかかわらず2週間です。別の部位であれば日をあけずに受けられます。,施術間隔,"脱毛,医療脱毛,脱毛,脱毛,同日,間隔,何日あける,次の施術"
脱毛の後にタトゥーはいつ受けられますか？／脱毛とタトゥーは同日にできますか？／脱毛してからタトゥーは何日あけますか？,脱毛の後にタトゥーを受ける場合は、2〜8週間あけてください（医師の指示によります）。,施術間隔,"脱毛,医療脱毛,タトゥー,タトゥー,同日,間隔,何日あける,次の施術"
脱毛の後にアートメイクはいつ受けられますか？／脱毛とアートメイクは同日にできますか？／脱毛してからアートメイクは何日あけますか？,脱毛とアートメイクは同日に受けられます。詳しくは診察時に医師へご相談ください。,施術間隔,"脱毛,医療脱毛,アートメイク,アートメイク,同日,間隔,何日あける,次の施術"
