title,category,body
ハイドラジェントルの施術後に他施術を受けられる間隔一覧,施術間隔,"ハイドラジェントルを受けた後に各施術を受けられるまでの目安間隔です（同じ部位の場合。別部位は原則同日可、括弧つきは別部位の間隔）。
・ハイドラジェントル：2～4週間
・ケミカルピーリング：同日可
・スマートサイドドット（2回目以降）：同日可
・スマートサイドドット（初回）：同日可
・イボレーザー/CO2レーザー：同日可
・シミ取りレーザー：同日可
・ADM/ピコレーザ：同日可
・ADM/ナノレーザー：同日可
・レーザートーニング：同日可
・ピコトーニング：同日可
・ピコフラクショナル：同日可
・そばかすシャワー：同日可
・そばかすスポット：同日可
・フォト/光治療：同日可
・赤み治療：同日可
・ボトックス：同日可
・ボトックス（マイクロ）：同日可
・フラルスキン部分シミ：翌日
・テノールネオ：同日可
・ほくろ切除/ほくろ除去：同日可
・ボライト：同日可
・稗粒腫：同日可
・ヴェルヴェットスキン：2週間
・ダーマペン：同日可
・コラーゲンピール：同日可
・サーマクール：翌日
・脱毛：翌日
・タトゥー：翌日
・アートメイク：同日可"
ケミカルピーリングの施術後に他施術を受けられる間隔一覧,施術間隔,"ケミカルピーリングを受けた後に各施術を受けられるまでの目安間隔です（同じ部位の場合。別部位は原則同日可、括弧つきは別部位の間隔）。
・ハイドラジェントル：2週間
・ケミカルピーリング：2～4週間
・スマートサイドドット（2回目以降）：2週間
・スマートサイドドット（初回）：2週間
・イボレーザー/CO2レーザー：2週間
・シミ取りレーザー：2週間
・ADM/ピコレーザ：2週間
・ADM/ナノレーザー：2週間
・レーザートーニング：2週間
・ピコトーニング：2週間
・ピコフラクショナル：2週間
・そばかすシャワー：2週間
・そばかすスポット：2週間
・フォト/光治療：2週間
・赤み治療：2週間
・ボトックス：翌日
・ボトックス（マイクロ）：翌日
・フラルスキン部分シミ：併用なし2週間
・テノールネオ：2週間
・mikoメソッド：2週間
・ほくろ切除/ほくろ除去：2週間
・ボライト：2週間
・稗粒腫：2週間
・ヴェルヴェットスキン：2週間
・ダーマペン：2週間
・HARG：（翌日）
・スカルプ・プラセンタエッセンス：（翌日）
・コラーゲンピール：3週間
・サーマクール：2週間
・脱毛：4週間
・タトゥー：4週間
・アートメイク：同日可"
スマートサイドドット（2回目以降）の施術後に他施術を受けられる間隔一覧,施術間隔,"スマートサイドドット（2回目以降）を受けた後に各施術を受けられるまでの目安間隔です（同じ部位の場合。別部位は原則同日可、括弧つきは別部位の間隔）。
・ハイドラジェントル：4週間
・ケミカルピーリング：4週間
・スマートサイドドット（2回目以降）：8週間
・スマートサイドドット（初回）：8週間
・イボレーザー/CO2レーザー：4週間
・シミ取りレーザー：4週間
・ADM/ピコレーザ：4週間
・ADM/ナノレーザー：4週間
・レーザートーニング：4週間
・ピコトーニング：4週間
・ピコフラクショナル：8週間
・そばかすシャワー：8週間
・そばかすスポット：8週間
・フォト/光治療：4週間
・赤み治療：4週間
・ボトックス：2週間
・ボトックス（マイクロ）：2週間
・フラルスキン部分シミ：4週間
・テノールネオ：4週間
・mikoメソッド：4週間
・ほくろ切除/ほくろ除去：4週間
・ボライト：4週間
・稗粒腫：4週間
・ヴェルヴェットスキン：4週間
・ダーマペン：4週間
・HARG：（翌日）
・スカルプ・プラセンタエッセンス：（翌日）
・コラーゲンピール：4週間
・サーマクール：4週間
・脱毛：4週間
・タトゥー：4週間
・アートメイク：同日可"
スマートサイドドット（初回）の施術後に他施術を受けられる間隔一覧,施術間隔,"スマートサイドドット（初回）を受けた後に各施術を受けられるまでの目安間隔です（同じ部位の場合。別部位は原則同日可、括弧つきは別部位の間隔）。
・ハイドラジェントル：2週間
・ケミカルピーリング：3週間
・スマートサイドドット（2回目以降）：4週間
・スマートサイドドット（初回）：4週間
・イボレーザー/CO2レーザー：3週間
・シミ取りレーザー：3週間
・ADM/ピコレーザ：3週間
・ADM/ナノレーザー：3週間
・レーザートーニング：3週間
・ピコトーニング：3週間
・ピコフラクショナル：8週間
・そばかすシャワー：8週間
・そばかすスポット：8週間
・フォト/光治療：3週間
・赤み治療：3週間
・ボトックス：2週間
・ボトックス（マイクロ）：2週間
・フラルスキン部分シミ：2週間
・テノールネオ：2週間
・mikoメソッド：3週間
・ほくろ切除/ほくろ除去：3週間
・ボライト：3週間
・稗粒腫：3週間
・ヴェルヴェットスキン：3週間
・ダーマペン：2週間
・HARG：（翌日）
・スカルプ・プラセンタエッセンス：（翌日）
・コラーゲンピール：3週間
・サーマクール：3週間
・脱毛：2週間
・タトゥー：2週間
・アートメイク：同日可"
イボレーザー/CO2レーザーの施術後に他施術を受けられる間隔一覧,施術間隔,"イボレーザー/CO2レーザーを受けた後に各施術を受けられるまでの目安間隔です（同じ部位の場合。別部位は原則同日可、括弧つきは別部位の間隔）。
・ハイドラジェントル：4週間
・ケミカルピーリング：4週間
・スマートサイドドット（2回目以降）：4週間
・スマートサイドドット（初回）：4週間
・イボレーザー/CO2レーザー：(2週間)※
・シミ取りレーザー：4週間
・ADM/ピコレーザ：4週間
・ADM/ナノレーザー：4週間
・レーザートーニング：4週間
・ピコトーニング：4週間
・ピコフラクショナル：4週間
・そばかすシャワー：4週間
・そばかすスポット：4週間
・フォト/光治療：4週間
・赤み治療：4週間
・ボトックス：4週間
・ボトックス（マイクロ）：4週間
・フラルスキン部分シミ：2週間
・テノールネオ：4週間
・mikoメソッド：4週間
・ほくろ切除/ほくろ除去：4週間
・ボライト：4週間
・稗粒腫：4週間
・ヴェルヴェットスキン：4週間
・ダーマペン：4週間
・HARG：（翌日）
・スカルプ・プラセンタエッセンス：（翌日）
・コラーゲンピール：4週間
・サーマクール：4週間
・脱毛：4週間
・タトゥー：4週間
・アートメイク：同日可"
シミ取りレーザーの施術後に他施術を受けられる間隔一覧,施術間隔,"シミ取りレーザーを受けた後に各施術を受けられるまでの目安間隔です（同じ部位の場合。別部位は原則同日可、括弧つきは別部位の間隔）。
・ハイドラジェントル：4週間
・ケミカルピーリング：4週間
・スマートサイドドット（2回目以降）：4週間
・スマートサイドドット（初回）：4週間
・イボレーザー/CO2レーザー：4週間
・シミ取りレーザー：(再照射)15~20日
・ADM/ピコレーザ：12週間
・レーザートーニング：4週間
・ピコトーニング：4週間
・ピコフラクショナル：4週間
・そばかすシャワー：4週間
・そばかすスポット：4週間
・フォト/光治療：4週間
・赤み治療：4週間
・ボトックス：4週間
・ボトックス（マイクロ）：4週間
・フラルスキン部分シミ：4週間
・テノールネオ：4週間
・ほくろ切除/ほくろ除去：4週間
・ボライト：4週間
・稗粒腫：4週間
・ヴェルヴェットスキン：4週間
・ダーマペン：4週間
・HARG：（翌日）
・スカルプ・プラセンタエッセンス：（翌日）
・コラーゲンピール：4週間
・サーマクール：4週間
・脱毛：4週間
・タトゥー：4週間
・アートメイク：同日可※"
ADM/ピコレーザの施術後に他施術を受けられる間隔一覧,施術間隔,"ADM/ピコレーザを受けた後に各施術を受けられるまでの目安間隔です（同じ部位の場合。別部位は原則同日可、括弧つきは別部位の間隔）。
・ハイドラジェントル：治療完了後4週間
・ケミカルピーリング：治療完了後4週間
・スマートサイドドット（2回目以降）：治療完了後4週間
・スマートサイドドット（初回）：治療完了後4週間
・イボレーザー/CO2レーザー：治療完了後4週間
・ADM/ピコレーザ：自費：3ヶ月保険：3ヶ月
・レーザートーニング：治療完了後4週間
・ピコトーニング：治療完了後4週間
・ピコフラクショナル：治療完了後4週間
・そばかすシャワー：治療完了後4週間
・そばかすスポット：治療完了後4週間
・フォト/光治療：治療完了後4週間
・赤み治療：治療完了後4週間
・ボトックス：治療完了後4週間
・ボトックス（マイクロ）：治療完了後4週間
・フラルスキン部分シミ：治療完了後4週間
・テノールネオ：治療完了後4週間
・ほくろ切除/ほくろ除去：治療完了後4週間
・ボライト：治療完了後4週間
・稗粒腫：治療完了後4週間
・ヴェルヴェットスキン：治療完了後4週間
・ダーマペン：治療完了後4週間
・HARG：（翌日）
・スカルプ・プラセンタエッセンス：（翌日）
・コラーゲンピール：治療完了後4週間
・サーマクール：4週間
・脱毛：4週間
・タトゥー：治療完了後4週間
・アートメイク：同日可"
ADM/ナノレーザーの施術後に他施術を受けられる間隔一覧,施術間隔,"ADM/ナノレーザーを受けた後に各施術を受けられるまでの目安間隔です（同じ部位の場合。別部位は原則同日可、括弧つきは別部位の間隔）。
・ハイドラジェントル：治療完了後4週間
・ケミカルピーリング：治療完了後4週間
・スマートサイドドット（2回目以降）：治療完了後4週間
・スマートサイドドット（初回）：治療完了後4週間
・イボレーザー/CO2レーザー：治療完了後4週間
・ADM/ピコレーザ：自費：1ヶ月保険：3ヶ月
・ADM/ナノレーザー：自費：1ヶ月保険：3ヶ月
・レーザートーニング：治療完了後4週間
・ピコトーニング：治療完了後4週間
・ピコフラクショナル：治療完了後4週間
・そばかすシャワー：治療完了後4週間
・そばかすスポット：治療完了後4週間
・フォト/光治療：治療完了後4週間
・赤み治療：治療完了後4週間
・ボトックス：治療完了後4週間
・ボトックス（マイクロ）：治療完了後4週間
・フラルスキン部分シミ：治療完了後4週間
・テノールネオ：治療完了後4週間
・ほくろ切除/ほくろ除去：治療完了後4週間
・ボライト：治療完了後4週間
・稗粒腫：治療完了後4週間
・ヴェルヴェットスキン：治療完了後4週間
・ダーマペン：治療完了後4週間
・HARG：（翌日）
・スカルプ・プラセンタエッセンス：（翌日）
・コラーゲンピール：治療完了後4週間
・サーマクール：4週間
・脱毛：4週間
・タトゥー：治療完了後4週間
・アートメイク：同日可"
レーザートーニングの施術後に他施術を受けられる間隔一覧,施術間隔,"レーザートーニングを受けた後に各施術を受けられるまでの目安間隔です（同じ部位の場合。別部位は原則同日可、括弧つきは別部位の間隔）。
・ハイドラジェントル：1週間
・ケミカルピーリング：1週間
・スマートサイドドット（2回目以降）：1週間
・スマートサイドドット（初回）：1週間
・イボレーザー/CO2レーザー：1週間
・シミ取りレーザー：同日可
・ADM/ピコレーザ：同日可
・ADM/ナノレーザー：同日可
・レーザートーニング：1～4週間
・ピコトーニング：1週間※
・ピコフラクショナル：2週間
・そばかすシャワー：2週間
・そばかすスポット：2週間
・フォト/光治療：1週間
・赤み治療：1週間
・ボトックス：冷やして同日
・ボトックス（マイクロ）：冷やして同日
・フラルスキン部分シミ：開始：1週間再開：直後
・テノールネオ：1週間
・mikoメソッド：2週間
・ほくろ切除/ほくろ除去：1週間
・ボライト：1週間
・稗粒腫：1週間
・ヴェルヴェットスキン：1週間
・ダーマペン：1週間
・HARG：（翌日）
・スカルプ・プラセンタエッセンス：（翌日）
・コラーゲンピール：1週間
・サーマクール：1週間
・脱毛：1週間
・タトゥー：1週間
・アートメイク：同日可"
ピコトーニングの施術後に他施術を受けられる間隔一覧,施術間隔,"ピコトーニングを受けた後に各施術を受けられるまでの目安間隔です（同じ部位の場合。別部位は原則同日可、括弧つきは別部位の間隔）。
・ハイドラジェントル：2週間
・ケミカルピーリング：2週間
・スマートサイドドット（2回目以降）：2週間
・スマートサイドドット（初回）：2週間
・イボレーザー/CO2レーザー：2週間
・シミ取りレーザー：2週間
・ADM/ピコレーザ：2週間
・ADM/ナノレーザー：2週間
・レーザートーニング：2週間
・ピコトーニング：2～4週間
・ピコフラクショナル：2週間
・そばかすシャワー：2週間
・そばかすスポット：2週間
・フォト/光治療：2週間
・赤み治療：2週間
・ボトックス：冷やして同日
・ボトックス（マイクロ）：冷やして同日
・フラルスキン部分シミ：2週間
・テノールネオ：2週間
・mikoメソッド：2週間
・ほくろ切除/ほくろ除去：2週間
・ボライト：2週間
・稗粒腫：2週間
・ヴェルヴェットスキン：2週間
・ダーマペン：2週間
・HARG：（翌日）
・スカルプ・プラセンタエッセンス：（翌日）
・コラーゲンピール：2週間
・サーマクール：2週間
・脱毛：2週間
・タトゥー：2週間
・アートメイク：同日可※"
ピコフラクショナルの施術後に他施術を受けられる間隔一覧,施術間隔,"ピコフラクショナルを受けた後に各施術を受けられるまでの目安間隔です（同じ部位の場合。別部位は原則同日可、括弧つきは別部位の間隔）。
・ハイドラジェントル：3週間
・ケミカルピーリング：3週間
・スマートサイドドット（2回目以降）：8週間
・スマートサイドドット（初回）：8週間
・イボレーザー/CO2レーザー：3週間
・シミ取りレーザー：3週間
・ADM/ピコレーザ：3週間
・ADM/ナノレーザー：3週間
・レーザートーニング：3週間
・ピコトーニング：3週間
・ピコフラクショナル：2～3ヵ月
・そばかすシャワー：4週間
・そばかすスポット：4週間
・フォト/光治療：3週間
・赤み治療：3週間
・ボトックス：2週間
・ボトックス（マイクロ）：2週間
・フラルスキン部分シミ：3週間
・テノールネオ：3週間
・mikoメソッド：3週間
・ほくろ切除/ほくろ除去：3週間
・ボライト：4週間
・稗粒腫：3週間
・ヴェルヴェットスキン：4週間
・ダーマペン：4週間
・HARG：（翌日）
・スカルプ・プラセンタエッセンス：（翌日）
・コラーゲンピール：4週間
・サーマクール：4週間
・脱毛：4週間
・タトゥー：4週間
・アートメイク：同日可"
そばかすシャワーの施術後に他施術を受けられる間隔一覧,施術間隔,"そばかすシャワーを受けた後に各施術を受けられるまでの目安間隔です（同じ部位の場合。別部位は原則同日可、括弧つきは別部位の間隔）。
・ハイドラジェントル：4週間
・ケミカルピーリング：4週間
・スマートサイドドット（2回目以降）：8週間
・スマートサイドドット（初回）：8週間
・イボレーザー/CO2レーザー：4週間
・シミ取りレーザー：4週間
・ADM/ピコレーザ：8週間
・ADM/ナノレーザー：8週間
・レーザートーニング：4週間
・ピコトーニング：4週間
・ピコフラクショナル：1～3ヵ月
・そばかすシャワー：1～3ヵ月
・そばかすスポット：1～3ヵ月
・フォト/光治療：4週間
・赤み治療：4週間
・ボトックス：2週間
・ボトックス（マイクロ）：2週間
・フラルスキン部分シミ：2週間
・テノールネオ：4週間
・mikoメソッド：4週間
・ほくろ切除/ほくろ除去：4週間
・ボライト：4週間
・稗粒腫：4週間
・ヴェルヴェットスキン：4週間
・ダーマペン：4週間
・HARG：（翌日）
・スカルプ・プラセンタエッセンス：（翌日）
・コラーゲンピール：4週間
・サーマクール：4週間
・脱毛：4週間
・タトゥー：4週間
・アートメイク：同日可"
そばかすスポットの施術後に他施術を受けられる間隔一覧,施術間隔,"そばかすスポットを受けた後に各施術を受けられるまでの目安間隔です（同じ部位の場合。別部位は原則同日可、括弧つきは別部位の間隔）。
・ハイドラジェントル：4週間
・ケミカルピーリング：4週間
・スマートサイドドット（2回目以降）：8週間
・スマートサイドドット（初回）：8週間
・イボレーザー/CO2レーザー：4週間
・シミ取りレーザー：4週間
・ADM/ピコレーザ：8週間
・ADM/ナノレーザー：8週間
・レーザートーニング：4週間
・ピコトーニング：4週間
・ピコフラクショナル：1～3ヵ月
・そばかすシャワー：4週間
・そばかすスポット：下記別途記載
・フォト/光治療：4週間
・赤み治療：4週間
・ボトックス：4週間
・ボトックス（マイクロ）：4週間
・フラルスキン部分シミ：4週間
・テノールネオ：4週間
・ほくろ切除/ほくろ除去：4週間
・ボライト：4週間
・稗粒腫：4週間
・ヴェルヴェットスキン：4週間
・ダーマペン：4週間
・HARG：（翌日）
・スカルプ・プラセンタエッセンス：（翌日）
・コラーゲンピール：4週間
・サーマクール：4週間
・脱毛：4週間
・タトゥー：4週間
・アートメイク：同日可"
フォト/光治療の施術後に他施術を受けられる間隔一覧,施術間隔,"フォト/光治療を受けた後に各施術を受けられるまでの目安間隔です（同じ部位の場合。別部位は原則同日可、括弧つきは別部位の間隔）。
・ハイドラジェントル：2週間
・ケミカルピーリング：1週間
・スマートサイドドット（2回目以降）：1週間
・スマートサイドドット（初回）：1週間
・イボレーザー/CO2レーザー：1週間
・シミ取りレーザー：1週間
・ADM/ピコレーザ：1週間
・ADM/ナノレーザー：1週間
・レーザートーニング：２週間
・ピコトーニング：2週間
・ピコフラクショナル：2週間
・そばかすシャワー：2週間
・そばかすスポット：2週間
・フォト/光治療：3〜4週間
・赤み治療：3〜4週間
・ボトックス：1週間Dr判断で冷やして同日可
・ボトックス（マイクロ）：1週間Dr判断で冷やして同日可
・フラルスキン部分シミ：開始：1週間再開：直後
・テノールネオ：1週間
・mikoメソッド：2週間
・ほくろ切除/ほくろ除去：2週間
・ボライト：1週間
・稗粒腫：2週間
・ヴェルヴェットスキン：4週間
・ダーマペン：2週間
・HARG：（翌日）
・スカルプ・プラセンタエッセンス：（翌日）
・コラーゲンピール：1週間
・サーマクール：2週間
・脱毛：2週間
・タトゥー：2週間
・アートメイク：同日可"
赤み治療の施術後に他施術を受けられる間隔一覧,施術間隔,"赤み治療を受けた後に各施術を受けられるまでの目安間隔です（同じ部位の場合。別部位は原則同日可、括弧つきは別部位の間隔）。
・ハイドラジェントル：治療完了後2週間
・ケミカルピーリング：治療完了後2週間
・スマートサイドドット（2回目以降）：治療完了後2週間
・スマートサイドドット（初回）：治療完了後2週間
・イボレーザー/CO2レーザー：治療完了後2週間
・シミ取りレーザー：治療完了後2週間
・ADM/ピコレーザ：治療完了後2週間
・ADM/ナノレーザー：治療完了後2週間
・レーザートーニング：治療完了後2週間
・ピコトーニング：治療完了後2週間
・ピコフラクショナル：治療完了後2週間
・そばかすシャワー：治療完了後2週間
・そばかすスポット：治療完了後2週間
・フォト/光治療：治療完了後2週間
・赤み治療：2〜4週間
・ボトックス：治療完了後2週間
・ボトックス（マイクロ）：治療完了後2週間
・フラルスキン部分シミ：治療完了後2週間
・テノールネオ：治療完了後2週間
・mikoメソッド：治療完了後2週間
・ほくろ切除/ほくろ除去：治療完了後2週間
・ボライト：治療完了後2週間
・稗粒腫：治療完了後2週間
・ヴェルヴェットスキン：治療完了後2週間
・ダーマペン：治療完了後2週間
・HARG：治療完了後2週間
・スカルプ・プラセンタエッセンス：治療完了後2週間
・コラーゲンピール：治療完了後2週間
・サーマクール：治療完了後2週間
・ミラドライ：治療完了後2週間
・脱毛：治療完了後2週間
・タトゥー：治療完了後2週間
・アートメイク：同日可"
ボトックスの施術後に他施術を受けられる間隔一覧,施術間隔,"ボトックスを受けた後に各施術を受けられるまでの目安間隔です（同じ部位の場合。別部位は原則同日可、括弧つきは別部位の間隔）。
・ハイドラジェントル：2週間
・ケミカルピーリング：2週間
・スマートサイドドット（2回目以降）：2週間
・スマートサイドドット（初回）：2週間
・イボレーザー/CO2レーザー：2週間
・シミ取りレーザー：2週間
・ADM/ピコレーザ：2週間
・ADM/ナノレーザー：2週間
・レーザートーニング：2週間
・ピコトーニング：2週間
・ピコフラクショナル：2週間
・そばかすシャワー：2週間
・そばかすスポット：2週間
・フォト/光治療：2週間
・赤み治療：2週間
・ボトックス：4ヶ月
・ボトックス（マイクロ）：4ヶ月
・フラルスキン部分シミ：同日可
・テノールネオ：2週間
・mikoメソッド：2週間
・ほくろ切除/ほくろ除去：2週間
・ボライト：2週間
・稗粒腫：2週間
・ヴェルヴェットスキン：1週間
・ダーマペン：2週間
・HARG：（翌日）
・スカルプ・プラセンタエッセンス：（翌日）
・コラーゲンピール：2週間
・サーマクール：2週間
・脱毛：2週間
・タトゥー：2週間
・アートメイク：2週間"
ボトックス（マイクロ）の施術後に他施術を受けられる間隔一覧,施術間隔,"ボトックス（マイクロ）を受けた後に各施術を受けられるまでの目安間隔です（同じ部位の場合。別部位は原則同日可、括弧つきは別部位の間隔）。
・ハイドラジェントル：2週間
・ケミカルピーリング：2週間
・スマートサイドドット（2回目以降）：2週間
・スマートサイドドット（初回）：2週間
・イボレーザー/CO2レーザー：2週間
・シミ取りレーザー：2週間
・ADM/ピコレーザ：2週間
・ADM/ナノレーザー：2週間
・レーザートーニング：2週間
・ピコトーニング：2週間
・ピコフラクショナル：2週間
・そばかすシャワー：2週間
・そばかすスポット：2週間
・フォト/光治療：2週間
・赤み治療：2週間
・ボトックス：3ヶ月
・ボトックス（マイクロ）：3ヶ月
・フラルスキン部分シミ：同日可
・テノールネオ：2週間
・mikoメソッド：2週間
・ほくろ切除/ほくろ除去：2週間
・ボライト：2週間
・稗粒腫：2週間
・ヴェルヴェットスキン：1週間
・ダーマペン：2週間
・HARG：（翌日）
・スカルプ・プラセンタエッセンス：（翌日）
・コラーゲンピール：2週間
・サーマクール：2週間
・脱毛：2週間
・タトゥー：2週間
・アートメイク：2週間"
テノールネオの施術後に他施術を受けられる間隔一覧,施術間隔,"テノールネオを受けた後に各施術を受けられるまでの目安間隔です（同じ部位の場合。別部位は原則同日可、括弧つきは別部位の間隔）。
・ハイドラジェントル：翌日
・ケミカルピーリング：翌日
・スマートサイドドット（2回目以降）：同日可
・スマートサイドドット（初回）：同日可
・イボレーザー/CO2レーザー：同日可
・シミ取りレーザー：同日可
・ADM/ピコレーザ：同日可
・ADM/ナノレーザー：同日可
・レーザートーニング：1週間※会員/回数券同日可
・ピコトーニング：2週間※会員/回数券同日可
・ピコフラクショナル：2週間
・そばかすシャワー：2週間
・そばかすスポット：2週間
・フォト/光治療：1週間
・赤み治療：1週間
・ボトックス：冷やして同日可※
・ボトックス（マイクロ）：冷やして同日可※
・フラルスキン部分シミ：開始：1週間再開：直後
・テノールネオ：2週間
・mikoメソッド：同日可
・ほくろ切除/ほくろ除去：同日可
・ボライト：1週間
・稗粒腫：同日可
・ヴェルヴェットスキン：1週間
・ダーマペン：1週間
・HARG：（翌日）
・スカルプ・プラセンタエッセンス：（翌日）
・コラーゲンピール：翌日
・サーマクール：2週間
・脱毛：1週間
・タトゥー：1週間
・アートメイク：同日可"
フラルスキン（トレチ）の施術後に他施術を受けられる間隔一覧,施術間隔,"フラルスキン（トレチ）を受けた後に各施術を受けられるまでの目安間隔です（同じ部位の場合。別部位は原則同日可、括弧つきは別部位の間隔）。
・ハイドラジェントル：トレチのみ1週間
・ケミカルピーリング：トレチのみ1週間
・スマートサイドドット（2回目以降）：トレチのみ1週間
・スマートサイドドット（初回）：トレチのみ1週間
・イボレーザー/CO2レーザー：トレチのみ1週間
・シミ取りレーザー：トレチのみ1週間
・ADM/ピコレーザ：トレチのみ1週間
・ADM/ナノレーザー：トレチのみ1週間
・レーザートーニング：トレチのみ1週間
・ピコトーニング：トレチのみ1週間
・ピコフラクショナル：トレチのみ1週間
・そばかすシャワー：トレチのみ1週間
・そばかすスポット：トレチのみ1週間
・フォト/光治療：トレチのみ1週間
・赤み治療：トレチのみ1週間
・ボトックス：同日可
・ボトックス（マイクロ）：同日可
・テノールネオ：トレチのみ1週間
・mikoメソッド：トレチのみ1週間
・ほくろ切除/ほくろ除去：トレチのみ1週間
・ボライト：トレチのみ1週間
・稗粒腫：トレチのみ1週間
・ヴェルヴェットスキン：トレチのみ1週間
・ダーマペン：トレチのみ1週間
・HARG：（翌日）
・スカルプ・プラセンタエッセンス：（翌日）
・コラーゲンピール：トレチのみ1週間
・サーマクール：トレチのみ1週間
・脱毛：トレチのみ1週間
・タトゥー：トレチのみ1週間
・アートメイク：同日可"
部分シミ（トレチ）の施術後に他施術を受けられる間隔一覧,施術間隔,"部分シミ（トレチ）を受けた後に各施術を受けられるまでの目安間隔です（同じ部位の場合。別部位は原則同日可、括弧つきは別部位の間隔）。
・ハイドラジェントル：4週間
・ケミカルピーリング：4週間
・スマートサイドドット（2回目以降）：4週間(翌日)
・スマートサイドドット（初回）：4週間(翌日)
・イボレーザー/CO2レーザー：4週間
・シミ取りレーザー：4週間
・ADM/ピコレーザ：4週間
・ADM/ナノレーザー：4週間
・レーザートーニング：4週間
・ピコトーニング：4週間
・ピコフラクショナル：4週間
・そばかすシャワー：4週間
・そばかすスポット：4週間
・フォト/光治療：4週間
・赤み治療：4週間
・ボトックス：同日可
・ボトックス（マイクロ）：同日可
・テノールネオ：4週間
・mikoメソッド：4週間
・ほくろ切除/ほくろ除去：4週間(翌日)
・ボライト：4週間
・稗粒腫：4週間
・ヴェルヴェットスキン：4週間
・ダーマペン：4週間
・HARG：（翌日）
・スカルプ・プラセンタエッセンス：（翌日）
・コラーゲンピール：4週間
・サーマクール：4週間
・脱毛：4週間
・タトゥー：4週間
・アートメイク：同日可"
mikoメソッドの施術後に他施術を受けられる間隔一覧,施術間隔,"mikoメソッドを受けた後に各施術を受けられるまでの目安間隔です（同じ部位の場合。別部位は原則同日可、括弧つきは別部位の間隔）。
・ケミカルピーリング：4週間
・スマートサイドドット（2回目以降）：4週間
・スマートサイドドット（初回）：4週間
・イボレーザー/CO2レーザー：4週間
・シミ取りレーザー：4週間
・ADM/ピコレーザ：4週間
・ADM/ナノレーザー：4週間
・レーザートーニング：4週間
・ピコトーニング：4週間
・ピコフラクショナル：4週間
・そばかすシャワー：4週間
・そばかすスポット：4週間
・フォト/光治療：4週間
・赤み治療：4週間
・ボトックス：4週間
・ボトックス（マイクロ）：4週間
・フラルスキン部分シミ：2週間
・テノールネオ：2週間
・mikoメソッド：2週間
・ボライト：4週間
・ヴェルヴェットスキン：（2週間）
・ダーマペン：（2週間）
・HARG：（翌日）
・スカルプ・プラセンタエッセンス：（翌日）
・コラーゲンピール：4週間
・サーマクール：4週間
・脱毛：4週間
・タトゥー：4週間
・アートメイク：同日可"
ほくろ切除/ほくろ除去の施術後に他施術を受けられる間隔一覧,施術間隔,"ほくろ切除/ほくろ除去を受けた後に各施術を受けられるまでの目安間隔です（同じ部位の場合。別部位は原則同日可、括弧つきは別部位の間隔）。
・ハイドラジェントル：上皮化後4週間
・ケミカルピーリング：上皮化後4週間
・スマートサイドドット（2回目以降）：上皮化後4週間
・スマートサイドドット（初回）：上皮化後4週間
・イボレーザー/CO2レーザー：上皮化後4週間
・シミ取りレーザー：上皮化後4週間
・ADM/ピコレーザ：上皮化後4週間
・ADM/ナノレーザー：上皮化後4週間
・レーザートーニング：上皮化後4週間
・ピコトーニング：上皮化後4週間
・ピコフラクショナル：上皮化後4週間
・そばかすシャワー：上皮化後4週間
・そばかすスポット：上皮化後4週間
・フォト/光治療：上皮化後4週間
・赤み治療：上皮化後4週間
・ボトックス：上皮化後4週間
・ボトックス（マイクロ）：上皮化後4週間
・フラルスキン部分シミ：上皮化後4週間
・テノールネオ：上皮化後4週間
・mikoメソッド：上皮化後4週間
・ほくろ切除/ほくろ除去：3ヶ月
・ボライト：上皮化後4週間
・ヴェルヴェットスキン：上皮化後4週間
・ダーマペン：上皮化後4週間
・HARG：（翌日）
・スカルプ・プラセンタエッセンス：（翌日）
・コラーゲンピール：上皮化後4週間
・サーマクール：上皮化後4週間
・脱毛：上皮化後4週間
・タトゥー：上皮化後4週間
・アートメイク：同日可"
ボライトの施術後に他施術を受けられる間隔一覧,施術間隔,"ボライトを受けた後に各施術を受けられるまでの目安間隔です（同じ部位の場合。別部位は原則同日可、括弧つきは別部位の間隔）。
・ハイドラジェントル：2週間
・ケミカルピーリング：4週間
・スマートサイドドット（2回目以降）：4週間
・スマートサイドドット（初回）：4週間
・イボレーザー/CO2レーザー：4週間
・シミ取りレーザー：4週間
・ADM/ピコレーザ：4週間
・ADM/ナノレーザー：4週間
・レーザートーニング：2週間
・ピコトーニング：4週間
・ピコフラクショナル：2週間
・そばかすシャワー：2週間
・そばかすスポット：2週間
・フォト/光治療：4週間
・赤み治療：4週間
・ボトックス：4週間
・ボトックス（マイクロ）：4週間
・フラルスキン部分シミ：4週間
・テノールネオ：4週間
・mikoメソッド：4週間
・ほくろ切除/ほくろ除去：4週間
・ボライト：4週間
・稗粒腫：4週間
・HARG：（翌日）
・スカルプ・プラセンタエッセンス：（翌日）
・コラーゲンピール：4週間
・サーマクール：4週間
・脱毛：4週間
・タトゥー：4週間
・アートメイク：同日可"
稗粒腫の施術後に他施術を受けられる間隔一覧,施術間隔,"稗粒腫を受けた後に各施術を受けられるまでの目安間隔です（同じ部位の場合。別部位は原則同日可、括弧つきは別部位の間隔）。
・ハイドラジェントル：1週間
・ケミカルピーリング：1週間
・スマートサイドドット（2回目以降）：1週間
・スマートサイドドット（初回）：1週間
・イボレーザー/CO2レーザー：1週間
・シミ取りレーザー：1週間
・ADM/ピコレーザ：1週間
・ADM/ナノレーザー：1週間
・レーザートーニング：1週間
・ピコトーニング：1週間
・ピコフラクショナル：1週間
・そばかすシャワー：1週間
・そばかすスポット：1週間
・フォト/光治療：1週間
・赤み治療：1週間
・ボトックス：1週間
・ボトックス（マイクロ）：1週間
・フラルスキン部分シミ：1週間
・テノールネオ：1週間
・mikoメソッド：1週間
・ボライト：1週間
・稗粒腫：1週間
・ヴェルヴェットスキン：1週間
・ダーマペン：1週間
・HARG：1週間
・スカルプ・プラセンタエッセンス：1週間
・コラーゲンピール：1週間
・サーマクール：1週間
・脱毛：1週間
・タトゥー：1週間
・アートメイク：同日可"
ヴェルヴェットスキンの施術後に他施術を受けられる間隔一覧,施術間隔,"ヴェルヴェットスキンを受けた後に各施術を受けられるまでの目安間隔です（同じ部位の場合。別部位は原則同日可、括弧つきは別部位の間隔）。
・ハイドラジェントル：4週間
・ケミカルピーリング：4週間
・スマートサイドドット（2回目以降）：4週間
・スマートサイドドット（初回）：4週間
・イボレーザー/CO2レーザー：4週間
・シミ取りレーザー：4週間
・ADM/ピコレーザ：4週間
・ADM/ナノレーザー：4週間
・レーザートーニング：4週間
・ピコトーニング：4週間
・ピコフラクショナル：4週間
・そばかすシャワー：4週間
・そばかすスポット：4週間
・フォト/光治療：4週間
・赤み治療：4週間
・ボトックス：2週間
・ボトックス（マイクロ）：2週間
・フラルスキン部分シミ：4週間
・テノールネオ：4週間
・mikoメソッド：（翌日）
・ほくろ切除/ほくろ除去：4週間
・ボライト：4週間
・稗粒腫：4週間
・ヴェルヴェットスキン：4週間
・ダーマペン：4週間
・HARG：（翌日）
・スカルプ・プラセンタエッセンス：（翌日）
・コラーゲンピール：4週間
・サーマクール：4週間
・ミラドライ：翌日
・脱毛：4週間
・タトゥー：4週間
・アートメイク：2週間"
ダーマペンの施術後に他施術を受けられる間隔一覧,施術間隔,"ダーマペンを受けた後に各施術を受けられるまでの目安間隔です（同じ部位の場合。別部位は原則同日可、括弧つきは別部位の間隔）。
・ハイドラジェントル：4週間
・ケミカルピーリング：4週間
・スマートサイドドット（2回目以降）：4週間
・スマートサイドドット（初回）：4週間
・イボレーザー/CO2レーザー：4週間
・シミ取りレーザー：4週間
・ADM/ピコレーザ：4週間
・ADM/ナノレーザー：4週間
・レーザートーニング：4週間
・ピコトーニング：4週間
・ピコフラクショナル：4週間
・そばかすシャワー：4週間
・そばかすスポット：4週間
・フォト/光治療：4週間
・赤み治療：4週間
・ボトックス：2週間
・ボトックス（マイクロ）：2週間
・フラルスキン部分シミ：4週間
・テノールネオ：4週間
・mikoメソッド：（翌日）
・ほくろ切除/ほくろ除去：4週間
・ボライト：4週間
・稗粒腫：4週間
・ヴェルヴェットスキン：4週間
・ダーマペン：4週間
・HARG：（翌日）
・スカルプ・プラセンタエッセンス：（翌日）
・コラーゲンピール：4週間
・サーマクール：4週間
・脱毛：4週間
・タトゥー：4週間
・アートメイク：2週間"
HARGの施術後に他施術を受けられる間隔一覧,施術間隔,"HARGを受けた後に各施術を受けられるまでの目安間隔です（同じ部位の場合。別部位は原則同日可、括弧つきは別部位の間隔）。
・ハイドラジェントル：同日可
・ケミカルピーリング：（翌日）
・スマートサイドドット（2回目以降）：（翌日）
・スマートサイドドット（初回）：（翌日）
・イボレーザー/CO2レーザー：（翌日）
・シミ取りレーザー：（翌日）
・ADM/ピコレーザ：（翌日）
・ADM/ナノレーザー：（翌日）
・レーザートーニング：（翌日）
・ピコトーニング：（翌日）
・ピコフラクショナル：（翌日）
・そばかすシャワー：（翌日）
・そばかすスポット：（翌日）
・フォト/光治療：（翌日）
・赤み治療：（翌日）
・ボトックス：（翌日）
・ボトックス（マイクロ）：（翌日）
・フラルスキン部分シミ：（翌日）
・テノールネオ：（翌日）
・mikoメソッド：（翌日）
・ほくろ切除/ほくろ除去：（翌日）
・ボライト：（翌日）
・稗粒腫：（翌日）
・ヴェルヴェットスキン：翌日
・ダーマペン：翌日
・HARG：4週間
・スカルプ・プラセンタエッセンス：1週間
・コラーゲンピール：（翌日）
・サーマクール：（翌日）
・ミラドライ：（翌日）
・脱毛：（翌日）
・タトゥー：（翌日）
・アートメイク：同日可"
スカルプ・プラセンタエッセンスの施術後に他施術を受けられる間隔一覧,施術間隔,"スカルプ・プラセンタエッセンスを受けた後に各施術を受けられるまでの目安間隔です（同じ部位の場合。別部位は原則同日可、括弧つきは別部位の間隔）。
・ハイドラジェントル：同日可
・ケミカルピーリング：（翌日）
・スマートサイドドット（2回目以降）：（翌日）
・スマートサイドドット（初回）：（翌日）
・イボレーザー/CO2レーザー：（翌日）
・シミ取りレーザー：（翌日）
・ADM/ピコレーザ：（翌日）
・ADM/ナノレーザー：（翌日）
・レーザートーニング：（翌日）
・ピコトーニング：（翌日）
・ピコフラクショナル：（翌日）
・そばかすシャワー：（翌日）
・そばかすスポット：（翌日）
・フォト/光治療：（翌日）
・赤み治療：（翌日）
・ボトックス：（翌日）
・ボトックス（マイクロ）：（翌日）
・フラルスキン部分シミ：（翌日）
・テノールネオ：（翌日）
・mikoメソッド：（翌日）
・ほくろ切除/ほくろ除去：（翌日）
・ボライト：（翌日）
・稗粒腫：（翌日）
・ヴェルヴェットスキン：翌日
・ダーマペン：翌日
・HARG：1週間
・スカルプ・プラセンタエッセンス：1週間
・コラーゲンピール：（翌日）
・サーマクール：（翌日）
・ミラドライ：（翌日）
・脱毛：（翌日）
・タトゥー：（翌日）
・アートメイク：同日可"
コラーゲンピールの施術後に他施術を受けられる間隔一覧,施術間隔,"コラーゲンピールを受けた後に各施術を受けられるまでの目安間隔です（同じ部位の場合。別部位は原則同日可、括弧つきは別部位の間隔）。
・ハイドラジェントル：2週間
・ケミカルピーリング：3週間
・スマートサイドドット（2回目以降）：2週間
・スマートサイドドット（初回）：2週間
・イボレーザー/CO2レーザー：2週間
・シミ取りレーザー：2週間
・ADM/ピコレーザ：2週間
・ADM/ナノレーザー：2週間
・レーザートーニング：2週間
・ピコトーニング：2週間
・ピコフラクショナル：2週間
・そばかすシャワー：2週間
・そばかすスポット：2週間
・フォト/光治療：2週間
・赤み治療：2週間
・ボトックス：翌日
・ボトックス（マイクロ）：翌日
・フラルスキン部分シミ：2週間
・テノールネオ：1週間
・mikoメソッド：1週間
・ほくろ切除/ほくろ除去：1週間
・ボライト：1週間
・稗粒腫：1週間
・ヴェルヴェットスキン：2週間
・ダーマペン：2週間
・HARG：（翌日）
・スカルプ・プラセンタエッセンス：（翌日）
・コラーゲンピール：2～3週間
・サーマクール：2週間
・脱毛：2週間
・タトゥー：2週間
・アートメイク：同日可"
サーマクールの施術後に他施術を受けられる間隔一覧,施術間隔,"サーマクールを受けた後に各施術を受けられるまでの目安間隔です（同じ部位の場合。別部位は原則同日可、括弧つきは別部位の間隔）。
・ハイドラジェントル：1週間
・ケミカルピーリング：2週間
・スマートサイドドット（2回目以降）：1週間
・スマートサイドドット（初回）：1週間
・イボレーザー/CO2レーザー：2週間
・シミ取りレーザー：1週間
・ADM/ピコレーザ：1週間
・ADM/ナノレーザー：1週間
・レーザートーニング：1週間
・ピコトーニング：1週間
・ピコフラクショナル：1週間
・そばかすシャワー：1週間
・そばかすスポット：1週間
・フォト/光治療：1週間
・赤み治療：1週間
・ボトックス：2週間
・ボトックス（マイクロ）：2週間
・フラルスキン部分シミ：2週間
・テノールネオ：2週間
・mikoメソッド：2週間
・ほくろ切除/ほくろ除去：2週間
・ボライト：2週間
・稗粒腫：2週間
・ヴェルヴェットスキン：2週間
・ダーマペン：1週間
・HARG：（翌日）
・スカルプ・プラセンタエッセンス：（翌日）
・コラーゲンピール：2週間
・サーマクール：6か月
・脱毛：1週間
・タトゥー：1週間
・アートメイク：同日可"
ミラドライの施術後に他施術を受けられる間隔一覧,施術間隔,"ミラドライを受けた後に各施術を受けられるまでの目安間隔です（同じ部位の場合。別部位は原則同日可、括弧つきは別部位の間隔）。
・ボトックス：1ヶ月
・ボトックス（マイクロ）：1ヶ月
・HARG：（翌日）
・スカルプ・プラセンタエッセンス：（翌日）
・ミラドライ：3か月
・脱毛：同部位2か月他部位翌日以降
・タトゥー：同部位2か月他部位翌日以降
・アートメイク：同日可"
脱毛の施術後に他施術を受けられる間隔一覧,施術間隔,"脱毛を受けた後に各施術を受けられるまでの目安間隔です（同じ部位の場合。別部位は原則同日可、括弧つきは別部位の間隔）。
・ハイドラジェントル：2週間
・ケミカルピーリング：2週間
・スマートサイドドット（2回目以降）：2週間
・スマートサイドドット（初回）：2週間
・イボレーザー/CO2レーザー：2週間
・シミ取りレーザー：2週間
・ADM/ピコレーザ：2週間
・ADM/ナノレーザー：2週間
・レーザートーニング：2週間
・ピコトーニング：2週間
・ピコフラクショナル：2週間
・そばかすシャワー：2週間
・そばかすスポット：2週間
・フォト/光治療：2週間
・赤み治療：2週間
・ボトックス：2週間
・ボトックス（マイクロ）：2週間
・フラルスキン部分シミ：2週間
・テノールネオ：2週間
・mikoメソッド：2週間
・ほくろ切除/ほくろ除去：2週間
・ボライト：2週間
・稗粒腫：2週間
・ヴェルヴェットスキン：4週間
・ダーマペン：2週間
・HARG：（翌日）
・スカルプ・プラセンタエッセンス：（翌日）
・コラーゲンピール：2週間
・サーマクール：2週間
・ミラドライ：2週間
・脱毛：2～8週間
・タトゥー：2～8週間
・アートメイク：同日可"
タトゥーの施術後に他施術を受けられる間隔一覧,施術間隔,"タトゥーを受けた後に各施術を受けられるまでの目安間隔です（同じ部位の場合。別部位は原則同日可、括弧つきは別部位の間隔）。
・ハイドラジェントル：同部位3ヶ月
・ケミカルピーリング：同部位3ヶ月
・スマートサイドドット（2回目以降）：同部位3ヶ月
・スマートサイドドット（初回）：同部位3ヶ月
・イボレーザー/CO2レーザー：同部位3ヶ月
・シミ取りレーザー：同部位3ヶ月
・ADM/ピコレーザ：同部位3ヶ月
・ADM/ナノレーザー：同部位3ヶ月
・レーザートーニング：同部位3ヶ月
・ピコトーニング：同部位3ヶ月
・ピコフラクショナル：同部位3ヶ月
・そばかすシャワー：同部位3ヶ月
・そばかすスポット：同部位3ヶ月
・フォト/光治療：同部位3ヶ月
・赤み治療：同部位3ヶ月
・ボトックス：同部位3ヶ月
・ボトックス（マイクロ）：同部位3ヶ月
・フラルスキン部分シミ：同部位3ヶ月
・テノールネオ：同部位3ヶ月
・mikoメソッド：同部位3ヶ月
・ほくろ切除/ほくろ除去：同部位3ヶ月
・ボライト：同部位3ヶ月
・稗粒腫：同部位3ヶ月
・ヴェルヴェットスキン：同部位3ヶ月
・ダーマペン：同部位3ヶ月
・HARG：同部位3ヶ月
・スカルプ・プラセンタエッセンス：同部位3ヶ月
・コラーゲンピール：同部位3ヶ月
・サーマクール：同部位3ヶ月
・ミラドライ：同部位3ヶ月
・脱毛：同部位3ヶ月
・タトゥー：同部位3ヶ月
・アートメイク：同日可"
アートメイクの施術後に他施術を受けられる間隔一覧,施術間隔,"アートメイクを受けた後に各施術を受けられるまでの目安間隔です（同じ部位の場合。別部位は原則同日可、括弧つきは別部位の間隔）。
・ハイドラジェントル：2週間
・ケミカルピーリング：2週間
・スマートサイドドット（2回目以降）：2週間
・スマートサイドドット（初回）：2週間
・イボレーザー/CO2レーザー：2週間
・シミ取りレーザー：2週間
・ADM/ピコレーザ：2週間
・ADM/ナノレーザー：2週間
・レーザートーニング：2週間
・ピコトーニング：2週間
・ピコフラクショナル：2週間
・そばかすシャワー：2週間
・そばかすスポット：2週間
・フォト/光治療：2週間
・赤み治療：2週間
・ボトックス：2週間
・ボトックス（マイクロ）：2週間
・フラルスキン部分シミ：2週間
・テノールネオ：2週間
・mikoメソッド：2週間
・ほくろ切除/ほくろ除去：2週間
・ボライト：2週間
・稗粒腫：2週間
・ヴェルヴェットスキン：2週間
・ダーマペン：2週間
・HARG：2週間
・スカルプ・プラセンタエッセンス：2週間
・コラーゲンピール：2週間
・サーマクール：2週間
・ミラドライ：2週間
・脱毛：2週間
・タトゥー：2週間
・アートメイク：4週間"
