sheet,category,question,answer,amounts
faq,施術・治療案内,シミの美容相談ではどんな特典がありますか？,"シミのお悩みで無料美容相談を受けた後に、シミ治療を受けられた方にはクレンジング1本（2,800円相当）をプレゼントいたします。ぜひこの機会に無料美容相談をご利用ください。美容相談の予約はWEB予約サイト、LINE、またはお電話（050-8882-5800）で承っています。 ・ WEB予約 こちらからご予約ください （（https://www.adeb.com/yoyaku/?utm_source=ai&utm_medium=sugudesk） ・ LINE予約 こちらからご予約ください （（https://page.line.me/epg9453r）） ・お電話 📞 050-8882-5800 ※電話受付時間：月～水・金～日曜日／9:00～13:00、14:00～17:45（木曜日休診）",2800
faq,施術・治療案内,シミ治療を受けるとどんなプレゼントがありますか？,"シミに関する無料美容相談を受けた後に、シミ治療を受けられた方にはクレンジング1本（2,800円相当）をプレゼントしております。プレゼントは以下の対象施術を受けた方が対象です。",2800
faq,予約・受付,当日キャンセルをした場合、キャンセル料はかかりますか？,"当日キャンセル・当日予約変更（無断キャンセル含む）の場合、キャンセル料が発生します。【キャンセル料】1回 3,300円【対象メニュー】トーニング / フォトフェイシャル / サーマクール /ハイドラジェントル / ミラドライ / ダーマペン / ヴェルヴェットスキン / クールシェーピング（新規受付終了）※2回目以降の施術が対象（ミラドライ・サーマクールは初回から）※回数チケットご利用の方は1回分消化ではなく、キャンセル料をお支払いいただきます。※前日までの変更・キャンセルの場合はキャンセル料はかかりません。",3300
faq,施術・治療案内,キャンセル料の対象になる施術を教えてください。,"当日キャンセルや当日予約変更のキャンセル料（3,300円）が発生する対象施術は以下の通りです。・トーニング・フォトフェイシャル・サーマクール・ハイドラジェントル・ミラドライ・ダーマペン・ヴェルヴェットスキン・クールシェーピング（新規受付終了）。",3300
faq,予約・受付,チケットコース利用時にキャンセルした場合はどうなりますか？,"回数チケットをご利用の方が当日キャンセルされた場合、1回分消化扱いではなくキャンセル料（3,300円）をお支払いいただきます。前日までのキャンセル・変更であればキャンセル料は発生しません。",3300
faq,予約・受付,トーニングをキャンセルしたいです,"トーニングのキャンセル・予約変更は、前日までにお願いいたします。当日のキャンセルや予約変更（無断キャンセルを含む）の場合、キャンセル料3,300円が発生します。・WEB予約の場合：前日23:59までにマイページからキャンセル可能です。・電話予約の場合：前日の電話受付時間内までにお電話（050-8882-5800）にてご連絡ください。（前日が休診日の場合は前々日まで）※2回目以降の施術が対象です。※チャットやメールでのキャンセルは承っておりません。",3300
faq,予約・受付,フォトフェイシャルをキャンセルしたいです,"フォトフェイシャルのキャンセル・予約変更は前日までにお願いいたします。当日のキャンセルや予約変更（無断キャンセルを含む）の場合、キャンセル料3,300円が発生します。・WEB予約の場合：前日23:59までにマイページからキャンセル可能です。・電話予約の場合：前日の電話受付時間内までにお電話（050-8882-5800）にてご連絡ください。（前日が休診日の場合は前々日まで）※チャットやメールでのキャンセルは承っておりません。",3300
faq,予約・受付,サーマクールをキャンセルしたいです,"サーマクールのキャンセル・予約変更は前日までにお願いいたします。当日のキャンセルや予約変更（無断キャンセルを含む）の場合、キャンセル料3,300円が発生します。・WEB予約の場合：前日23:59までにマイページからキャンセル可能です。・電話予約の場合：前日の電話受付時間内までにお電話（050-8882-5800）にてご連絡ください。（前日が休診日の場合は前々日まで）※サーマクールは初回施術からキャンセル料の対象です。※チャットやメールでのキャンセルは承っておりません。",3300
faq,予約・受付,ハイドラジェントルをキャンセルしたいです,"ハイドラジェントルのキャンセル・予約変更は前日までにお願いいたします。当日のキャンセルや予約変更（無断キャンセルを含む）の場合、キャンセル料3,300円が発生します。・WEB予約の場合：前日23:59までにマイページからキャンセル可能です。・電話予約の場合：前日の電話受付時間内までにお電話（050-8882-5800）にてご連絡ください。（前日が休診日の場合は前々日まで）※チャットやメールでのキャンセルは承っておりません。",3300
faq,予約・受付,ミラドライをキャンセルしたいです,"ミラドライのキャンセル・予約変更は前日までにお願いいたします。当日のキャンセルや予約変更（無断キャンセルを含む）の場合、キャンセル料3,300円が発生します。・WEB予約の場合：前日23:59までにマイページからキャンセル可能です。・電話予約の場合：前日の電話受付時間内までにお電話（050-8882-5800）にてご連絡ください。（前日が休診日の場合は前々日まで）※ミラドライは初回施術からキャンセル料の対象です。※チャットやメールでのキャンセルは承っておりません。",3300
faq,予約・受付,ダーマペンをキャンセルしたいです,"ダーマペンのキャンセル・予約変更は前日までにお願いいたします。当日のキャンセルや予約変更（無断キャンセルを含む）の場合、キャンセル料3,300円が発生します。・WEB予約の場合：前日23:59までにマイページからキャンセル可能です。・電話予約の場合：前日の電話受付時間内までにお電話（050-8882-5800）にてご連絡ください。（前日が休診日の場合は前々日まで）※チャットやメールでのキャンセルは承っておりません。",3300
faq,予約・受付,ヴェルヴェットスキンをキャンセルしたいです,"ヴェルヴェットスキンのキャンセル・予約変更は前日までにお願いいたします。当日のキャンセルや予約変更（無断キャンセルを含む）の場合、キャンセル料3,300円が発生します。・WEB予約の場合：前日23:59までにマイページからキャンセル可能です。・電話予約の場合：前日の電話受付時間内までにお電話（050-8882-5800）にてご連絡ください。（前日が休診日の場合は前々日まで）※チャットやメールでのキャンセルは承っておりません。",3300
faq,予約・受付,クールシェーピングをキャンセルしたいです,"クールシェーピング（新規受付終了）のキャンセル・予約変更は前日までにお願いいたします。当日のキャンセルや予約変更（無断キャンセルを含む）の場合、キャンセル料3,300円が発生します。・WEB予約の場合：前日23:59までにマイページからキャンセル可能です。・電話予約の場合：前日の電話受付時間内までにお電話（050-8882-5800）にてご連絡ください。（前日が休診日の場合は前々日まで）※現在、新規のご予約は承っておりません。※チャットやメールでのキャンセルは承っておりません。",3300
faq,料金・費用,初診料はいくらですか？,"自費診療の初診料は3,300円（税込）です。再診料は880円（税込）となります。詳しくは料金ページ（https://www.adeb.com/ryokin/%e3%82%a2%e3%83%bc%e3%83%87%e3%83%bb%e3%83%99%e3%83%bc%e3%82%af%e3%83%aa%e3%83%8b%e3%83%83%e3%82%af%e7%a7%8b%e7%94%b0%e9%99%a2/?utm_source=ai&utm_medium=sugudesk）をご確認ください。",880 3300
faq,料金・費用,トレチノインやしみ取りクリームの料金を教えてください。,"トレチノイン（0.05%・0.025%）は11,500円、トレチノインゲル（0.1%・0.4%）は各5,800円、しみ取りクリームは1個4,950円・3個セット10,890円・10個セット32,890円（税込）です。詳しくはこちらからご確認いただけます → https://www.adeb.com/ryokin/%e3%82%a2%e3%83%bc%e3%83%87%e3%83%bb%e3%83%99%e3%83%bc%e3%82%af%e3%83%aa%e3%83%8b%e3%83%83%e3%82%af%e7%a7%8b%e7%94%b0%e9%99%a2/?utm_source=ai&utm_medium=sugudesk",4950 5800 10890 11500 32890
faq,料金・費用,ケミカルピーリングの料金はいくらですか？,"ケミカルピーリングは全顔6,900円、学割4,600円です。背中やひざなどの部位別料金もあります。詳しくは料金ページ（https://www.adeb.com/ryokin/%e3%82%a2%e3%83%bc%e3%83%87%e3%83%bb%e3%83%99%e3%83%bc%e3%82%af%e3%83%aa%e3%83%8b%e3%83%83%e3%82%af%e7%a7%8b%e7%94%b0%e9%99%a2/?utm_source=ai&utm_medium=sugudesk）をご覧ください。",4600 6900
faq,料金・費用,コラーゲンピールの料金を教えてください。,"コラーゲンピールは初回顔11,000円、首15,400円。2回目以降は顔15,400円、首17,600円です。詳しくは料金ページ（https://www.adeb.com/ryokin/%e3%82%a2%e3%83%bc%e3%83%87%e3%83%bb%e3%83%99%e3%83%bc%e3%82%af%e3%83%aa%e3%83%8b%e3%83%83%e3%82%af%e7%a7%8b%e7%94%b0%e9%99%a2/?utm_source=ai&utm_medium=sugudesk）をご確認ください。",11000 15400 17600
faq,料金・費用,プラセンタ注射はいくらですか？,"プラセンタ注射は1本1,200円、2本1,900円（税込）です。予約不要でご利用いただけます。詳しくは料金ページ（https://www.adeb.com/ryokin/%e3%82%a2%e3%83%bc%e3%83%87%e3%83%bb%e3%83%99%e3%83%bc%e3%82%af%e3%83%aa%e3%83%8b%e3%83%83%e3%82%af%e7%a7%8b%e7%94%b0%e9%99%a2/?utm_source=ai&utm_medium=sugudesk）をご確認ください。",1200 1900
faq,料金・費用,美容注射・点滴の料金を教えてください。,"AdeBクリニックの美容注射・点滴は以下の料金でご案内しております。にんにく注射：2,500円、疲労回復注射：3,500円、疲労回復点滴：5,800円、美肌コンドロイチン注射：4,800円、白玉注射：4,800円、白玉点滴：10,500円、脂肪燃焼ダイレクト注射：5,400円、育毛促進注射：3,300円です。詳しくは料金ページ（https://www.adeb.com/ryokin/%e3%82%a2%e3%83%bc%e3%83%87%e3%83%bb%e3%83%99%e3%83%bc%e3%82%af%e3%83%aa%e3%83%8b%e3%83%83%e3%82%af%e7%a7%8b%e7%94%b0%e9%99%a2/?utm_source=ai&utm_medium=sugudesk）をご確認ください。",2500 3300 3500 4800 5400 5800 10500
faq,料金・費用,ダーマペン4の料金を教えてください。,"ダーマペン4は初回両ほほ11,000円、全顔16,500円（パックなし）です。2回目以降の料金設定もございます。詳しくは料金ページ（https://www.adeb.com/ryokin/%e3%82%a2%e3%83%bc%e3%83%87%e3%83%bb%e3%83%99%e3%83%bc%e3%82%af%e3%83%aa%e3%83%8b%e3%83%83%e3%82%af%e7%a7%8b%e7%94%b0%e9%99%a2/?utm_source=ai&utm_medium=sugudesk）をご確認ください。",11000 16500
faq,料金・費用,ヴェルヴェットスキンの料金はいくらですか？,"ヴェルヴェットスキンは初回全顔22,000円、両ほほ16,500円です。5回セット割もございます。詳しくは料金ページ（https://www.adeb.com/ryokin/%e3%82%a2%e3%83%bc%e3%83%87%e3%83%bb%e3%83%99%e3%83%bc%e3%82%af%e3%83%aa%e3%83%8b%e3%83%83%e3%82%af%e7%a7%8b%e7%94%b0%e9%99%a2/?utm_source=ai&utm_medium=sugudesk）をご確認ください。",16500 22000
faq,料金・費用,ハイドラジェントルの料金を教えてください。,"AdeBクリニックのハイドラジェントルは、照射範囲や回数、会員制度によって料金が異なります。【全顔】初回（TEA付）11,800円、1回（TEAなし）14,800円、1回（TEA付）16,500円。【全顔セット】3回セット（TEA付）46,500円、5回セット（TEA付）68,000円。【鼻のみ（TEA付）】5,500円（全顔の施術経験がある方が対象）。※TEAは毛穴の皮脂を分解する薬液です。【ハイドラジェントル会員（月額）】全顔月1回で11,800円。入会金16,500円、最低契約期間3ヶ月、毎月の利用料は秋田銀行指定口座から前払いにて引き落とし。月の未使用分は翌月へ繰り越し不可となります。詳しくは料金ページ（https://www.adeb.com/ryokin/%e3%82%a2%e3%83%bc%e3%83%87%e3%83%bb%e3%83%99%e3%83%bc%e3%82%af%e3%83%aa%e3%83%8b%e3%83%83%e3%82%af%e7%a7%8b%e7%94%b0%e9%99%a2/?utm_source=ai&utm_medium=sugudesk）をご確認ください。",5500 11800 14800 16500 46500 68000
faq,料金・費用,サーマクールの料金はいくらですか？,"AdeBクリニックのサーマクールは、照射範囲と回数により料金が異なります。【サーマクール（顔）】1回目179,500円、2回目168,910円、3回目159,485円、4回目141,535円、5回目以降123,267円。【サーマクール（顔＋額）】1回目209,500円、2回目197,140円、3回目186,140円、4回目165,190円、5回目以降143,869円。【サーマクール（顔＋額＋首）】1回目229,500円、2回目215,960円、3回目203,910円、4回目180,960円、5回目以降157,604円です。詳しくは料金ページ（https://www.adeb.com/ryokin/%e3%82%a2%e3%83%bc%e3%83%87%e3%83%bb%e3%83%99%e3%83%bc%e3%82%af%e3%83%aa%e3%83%8b%e3%83%83%e3%82%af%e7%a7%8b%e7%94%b0%e9%99%a2/?utm_source=ai&utm_medium=sugudesk）をご確認ください。",123267 141535 143869 157604 159485 165190 168910 179500 180960 186140 197140 203910 209500 215960 229500
faq,料金・費用,フォトの料金を教えてください。/光治療はいくらですか？,"AdeBクリニックのフォト治療（光治療）は、照射範囲と回数によって料金が異なります。【全顔】1回20,000円、3回セット54,000円、5回セット80,000円。【赤ら顔治療（全顔）】10回セット198,000円。【赤ら顔治療（両ほほ）】10回セット99,000円。【赤ら顔治療（片ほほ相当範囲）】10回セット59,000円です。詳しくは料金ページ（https://www.adeb.com/ryokin/%e3%82%a2%e3%83%bc%e3%83%87%e3%83%bb%e3%83%99%e3%83%bc%e3%82%af%e3%83%aa%e3%83%8b%e3%83%83%e3%82%af%e7%a7%8b%e7%94%b0%e9%99%a2/?utm_source=ai&utm_medium=sugudesk）をご確認ください。",20000 54000 59000 80000 99000 198000
faq,料金・費用,シミ取りレーザーの料金を教えてください。,"シミ取りレーザーは直径5mmで5,500円、10mmで11,000円、15mmで16,500円です。シミ取り放題プランもございます。詳しくは料金ページ（https://www.adeb.com/ryokin/%e3%82%a2%e3%83%bc%e3%83%87%e3%83%bb%e3%83%99%e3%83%bc%e3%82%af%e3%83%aa%e3%83%8b%e3%83%83%e3%82%af%e7%a7%8b%e7%94%b0%e9%99%a2/?utm_source=ai&utm_medium=sugudesk）をご確認ください。",5500 11000 16500
faq,料金・費用,そばかす治療の料金を教えてください。,"AdeBクリニックのそばかす治療（ピコレーザー）は、ピコフラクショナルとピコスポットの2種類があります。【そばかすシャワー（ピコフラクショナル）】両ほほ：19,800円、全顔（瞼除く）：24,800円。【ピコスポット取り放題】200ショット：60,500円、300ショット：82,500円です。詳しくは料金ページ（https://www.adeb.com/ryokin/%e3%82%a2%e3%83%bc%e3%83%87%e3%83%bb%e3%83%99%e3%83%bc%e3%82%af%e3%83%aa%e3%83%8b%e3%83%83%e3%82%af%e7%a7%8b%e7%94%b0%e9%99%a2/?utm_source=ai&utm_medium=sugudesk）をご確認ください。",19800 24800 60500 82500
faq,料金・費用,あざレーザーの料金を教えてください。/ADMはいくらですか？,"ADM治療は両ほほ13,200円、両こめかみ8,800円です。詳しくは料金ページ（https://www.adeb.com/ryokin/%e3%82%a2%e3%83%bc%e3%83%87%e3%83%bb%e3%83%99%e3%83%bc%e3%82%af%e3%83%aa%e3%83%8b%e3%83%83%e3%82%af%e7%a7%8b%e7%94%b0%e9%99%a2/?utm_source=ai&utm_medium=sugudesk）をご確認ください。",8800 13200
faq,料金・費用,イボレーザー治療はいくらですか？／炭酸ガスレーザーの料金を教えてください/イボ取りの料金はいくらですか／イボを取るといくらかかりますか／イボ除去の料金を教えてください/炭酸ガスレーザーはいくら？/イボレーザーはいくら？,"イボレーザー（炭酸ガスレーザー）の料金（税込）は、直径2mm未満3個まで7,000円、直径5mm未満1個7,000円、直径10mm未満1個13,500円、直径15mm未満1個19,800円となります。16mm以上は長径mm×1,300円です。目元のイボは2mm未満でも1個あたり7,000円となります。別途初診料3,300円・再診料880円および麻酔代がかかります。詳しくはこちらからご確認いただけます → https://www.adeb.com/ryokin/%e3%82%a2%e3%83%bc%e3%83%87%e3%83%bb%e3%83%99%e3%83%bc%e3%82%af%e3%83%aa%e3%83%8b%e3%83%83%e3%82%af%e7%a7%8b%e7%94%b0%e9%99%a2/?utm_source=ai&utm_medium=sugudesk",880 1300 3300 7000 13500 19800
faq,料金・費用,女性の医療脱毛の料金を教えてください。,"女性の全身脱毛は1回49,800円、5回パック209,780円です。顔脱毛は1回19,800円、5回セット91,680円。詳しくは料金ページ（https://www.adeb.com/ryokin/%e3%82%a2%e3%83%bc%e3%83%87%e3%83%bb%e3%83%99%e3%83%bc%e3%82%af%e3%83%aa%e3%83%8b%e3%83%83%e3%82%af%e7%a7%8b%e7%94%b0%e9%99%a2/?utm_source=ai&utm_medium=sugudesk）をご確認ください。",19800 49800 91680 209780
faq,料金・費用,男性の医療脱毛の料金はいくらですか？,"男性の全身脱毛は1回52,000円、5回パック219,800円。ひげ脱毛は2か所5回24,800円からです。詳しくは料金ページ（https://www.adeb.com/ryokin/%e3%82%a2%e3%83%bc%e3%83%87%e3%83%bb%e3%83%99%e3%83%bc%e3%82%af%e3%83%aa%e3%83%8b%e3%83%83%e3%82%af%e7%a7%8b%e7%94%b0%e9%99%a2/?utm_source=ai&utm_medium=sugudesk）をご確認ください。",24800 52000 219800
faq,支払い・保険,脱毛の分割払いはできますか？,"はい、全身脱毛のみ医療ローンによる分割払いが可能です。女性は60回払いで月々4,400円からご利用いただけます。詳しくは料金ページ（https://www.adeb.com/ryokin/%e3%82%a2%e3%83%bc%e3%83%87%e3%83%bb%e3%83%99%e3%83%bc%e3%82%af%e3%83%aa%e3%83%8b%e3%83%83%e3%82%af%e7%a7%8b%e7%94%b0%e9%99%a2/?utm_source=ai&utm_medium=sugudesk）をご確認ください。",4400
faq,料金・費用,HARG療法の料金を教えてください。/ハーグ療法の料金を教えてください。,"HARG療法は1回90,200円、6回セット349,200円です。笑気麻酔は別途3,300円となります。詳しくは料金ページ（https://www.adeb.com/ryokin/%e3%82%a2%e3%83%bc%e3%83%87%e3%83%bb%e3%83%99%e3%83%bc%e3%82%af%e3%83%aa%e3%83%8b%e3%83%83%e3%82%af%e7%a7%8b%e7%94%b0%e9%99%a2/?utm_source=ai&utm_medium=sugudesk）をご確認ください。",3300 90200 349200
faq,料金・費用,エキシマライト治療はいくらですか？,"エキシマライトは保険診療で3割負担の場合1,020円前後です。詳しくは料金ページ（https://www.adeb.com/ryokin/%e3%82%a2%e3%83%bc%e3%83%87%e3%83%bb%e3%83%99%e3%83%bc%e3%82%af%e3%83%aa%e3%83%8b%e3%83%83%e3%82%af%e7%a7%8b%e7%94%b0%e9%99%a2/?utm_source=ai&utm_medium=sugudesk）をご確認ください。",1020
faq,料金・費用,育毛注射やLED治療の料金を教えてください。,"育毛促進注射は1回3,300円、頭皮LED治療は初回1,500円、2回目以降3,300円です。詳しくは料金ページ（https://www.adeb.com/ryokin/%e3%82%a2%e3%83%bc%e3%83%87%e3%83%bb%e3%83%99%e3%83%bc%e3%82%af%e3%83%aa%e3%83%8b%e3%83%83%e3%82%af%e7%a7%8b%e7%94%b0%e9%99%a2/?utm_source=ai&utm_medium=sugudesk）をご確認ください。",1500 3300
faq,料金・費用,子宮頸がんワクチンの料金を教えてください。,"公費対象の方は無料です。自費接種は1回26,400円（税込）です。詳しくは料金ページ（https://www.adeb.com/ryokin/%e3%82%a2%e3%83%bc%e3%83%87%e3%83%bb%e3%83%99%e3%83%bc%e3%82%af%e3%83%aa%e3%83%8b%e3%83%83%e3%82%af%e7%a7%8b%e7%94%b0%e9%99%a2/?utm_source=ai&utm_medium=sugudesk）をご確認ください。",26400
faq,料金・費用,帯状疱疹ワクチンの料金はいくらですか？,"帯状疱疹ワクチンは1回22,200円（税込）です。詳しくは料金ページ（https://www.adeb.com/ryokin/%e3%82%a2%e3%83%bc%e3%83%87%e3%83%bb%e3%83%99%e3%83%bc%e3%82%af%e3%83%aa%e3%83%8b%e3%83%83%e3%82%af%e7%a7%8b%e7%94%b0%e9%99%a2/?utm_source=ai&utm_medium=sugudesk）をご確認ください。",22200
faq,料金・費用,ピアスの料金と条件を教えてください。/ピアスはいくらですか？/ピアスの料金/ピアス穴あけの料金はいくらですか？,"ピアス穴あけは両耳たぶ9,800円です。16歳以上が対象で（未成年は同意書に保護者の署名必要）、ピアスを開けるのが初めての方です。両耳たぶにひとつずつまでとさせていただいております。また耳たぶ以外の部位への施術は行っておりません。詳しくは料金ページ（https://www.adeb.com/ryokin/%e3%82%a2%e3%83%bc%e3%83%87%e3%83%bb%e3%83%99%e3%83%bc%e3%82%af%e3%83%aa%e3%83%8b%e3%83%83%e3%82%af%e7%a7%8b%e7%94%b0%e9%99%a2/?utm_source=ai&utm_medium=sugudesk）をご確認ください。）",9800
faq,料金・費用,レーザートーニング会員コースの料金を教えてください。,"トーニング会員は月1回全顔トーニングで月額10,800円。入会金16,500円が必要です。
※ご入会時には、入会金16,500円が別途必要となります。（全顔トーニング5回の施術で免除あり）
※最低契約期間は3か月です。
※利用料は、毎月秋田銀行指定口座より前払いにてお支払いいただきます。
※月の最大回数以下の来店でも、翌月への回数の繰り越しはございません。
詳しくは料金ページ（https://www.adeb.com/ryokin/%e3%82%a2%e3%83%bc%e3%83%87%e3%83%bb%e3%83%99%e3%83%bc%e3%82%af%e3%83%aa%e3%83%8b%e3%83%83%e3%82%af%e7%a7%8b%e7%94%b0%e9%99%a2/?utm_source=ai&utm_medium=sugudesk）をご確認ください。",10800 16500
faq,アクセス・駐車場,駐車料金はいくらですか？,なかいち駐車場は30分まで無料、以降1時間ごとに100円です。夜間（16時〜翌10時）は最大500円となります。詳しくは料金案内（https://www.adeb.com/parking/?utm_source=ai&utm_medium=sugudesk）をご確認ください。,100 500
faq,アクセス・駐車場,駐車券をなくした場合はどうすればよいですか？,"駐車券を紛失した場合、1回につき1,100円の紛失料金がかかります。支払い後に駐車券が見つかった場合は、にぎわい交流館AU1階総合案内に駐車券と領収書を持参すると差額が返金されます。",1100
faq,料金・支払い,診察代は別途かかりますか？,"自由診療の場合、初診料3,300円、再診料880円となります。詳しくは料金ページ（https://www.adeb.com/ryokin/%e3%82%a2%e3%83%bc%e3%83%87%e3%83%bb%e3%83%99%e3%83%bc%e3%82%af%e3%83%aa%e3%83%8b%e3%83%83%e3%82%af%e7%a7%8b%e7%94%b0%e9%99%a2/?utm_source=ai&utm_medium=sugudesk）をご確認ください。",880 3300
faq,料金・費用,エキシマライトは保険診療の対象ですか？,"はい。エキシマライト治療は保険適用です。3割負担の場合、1回あたり約1,020円で受けられます（診察料別途）。",1020
faq,料金・ケミカルピーリング,ケミカルピーリングは保険適用ですか／ケミカルピーリングは保険が使えますか／ケミカルピーリングは自費ですか,"ケミカルピーリングは自由診療となり、保険は適用されません。料金（税込）は全顔6,900円、全顔（学割）4,600円などとなります。詳しくはこちらからご確認いただけます → https://www.adeb.com/ryokin/%e3%82%a2%e3%83%bc%e3%83%87%e3%83%bb%e3%83%99%e3%83%bc%e3%82%af%e3%83%aa%e3%83%8b%e3%83%83%e3%82%af%e7%a7%8b%e7%94%b0%e9%99%a2/?utm_source=ai&utm_medium=sugudesk",4600 6900
faq,料金・費用,粉瘤手術は保険適用になりますか？,"はい。粉瘤手術は保険診療の対象です。露出部で直径2cm未満のものは3割負担で5,000〜6,000円程度、1割負担で2,000円程度です。非露出部では1割負担で1,500円程度となります。",1500 2000 6000
faq,料金・費用,脇ボトックスの費用はいくらですか？,"脇ボトックスは保険適用の治療です。自己負担3割の場合、およそ20,000円程度となります。",20000
faq,料金・費用,炎症性粉瘤手術は保険適用になりますか？,"炎症性粉瘤の手術は保険診療の対象です。症状や部位により費用は異なりますが、3割負担で5,000〜6,000円程度が目安です。",6000
faq,料金・費用,ほくろ除去の料金はいくらですか？／費用はいくらかかりますか？,"AdeBクリニックのほくろ除去は、レーザー治療と保険診療の切除治療があり、方法によって料金が異なります。

【ほくろレーザー（自費）】
1mmあたり 3,800円
※診察代、薬代は別途必要です。

【ほくろ切除（保険診療）】
3割負担で 1個（5mmまで）約4,980円
※病理診断料、麻酔代、その他加算料は別途かかります。

どちらの治療が適しているかは、ほくろの大きさや状態によって異なるため、まずは美容相談で適切な方法をご案内しています。",3800 4980
faq,料金・費用,シミ取りレーザーの料金はいくらですか？／費用を教えてください。,"フラル式シミレーザー治療は18,800円（5個まで）。1個あたり約3,760円です。料金は範囲や個数によって異なります。詳しくはカウンセリング時にご説明します。",3760 18800
faq,料金・費用,レーザートーニングの料金はいくらですか？,"AdeBクリニックのレーザートーニングは、照射範囲や回数によって料金が異なります。【両ほほのみ】初回3,300円、2回目以降5,500円。【全顔】1回15,080円、5回セット67,500円、10回セット119,000円です。また、初めてトーニングを受けた日のみ購入できる両ほほ3回チケット（13,000円）もございます。なお、全顔レーザートーニング5回終了後は、医師の診察を経てピコトーニングへの移行が可能です。ピコトーニングをご希望の方は「トーニング経過診察」メニューでご予約ください（別途診察料あり）。",3300 5500 13000 15080 67500 119000
faq,料金・費用,アートメイクの料金はいくらですか？／アートメイクの費用を教えてください。,"各部位（眉・アイライン・唇・ヘアライン）は1回59,000円（税込）です。ヘアラインは女性のみ対応し、範囲によって料金が変わります。",59000
faq,料金・費用,LED治療の料金を教えてください。,"【青色LED（ニキビ治療）】初回1,100円／2回目以降2,800円（学割2,300円）／10回チケット20,000円。【赤色LED（育毛治療）】初回1,500円／2回目以降3,300円。",1100 1500 2300 2800 3300 20000
faq,料金・費用,赤ら顔治療の料金を教えてください。,"赤ら顔治療（フォト治療）の料金は【全顔10回セット】198,000円、【両ほほ10回セット】99,000円、【片ほほ相当10回セット】59,000円です。初診料は別途となります。",59000 99000 198000
faq,料金・費用,イボレーザー治療の料金を教えてください。/炭酸ガスレーザーはいくらですか？,"AdeBクリニックのイボレーザー（炭酸ガスレーザー）は、大きさにより料金が異なります。【2mm未満】3個で6,500円、【5mm未満】6,500円、【10mm未満】13,000円、【15mm未満】19,500円です。20mm以上の場合は長径のmmサイズ×1,300円で計算します。目元のイボは2mm未満でも1個あたり6,500円となります。",1300 6500 13000 19500
faq,料金・費用,医療脱毛の料金を教えてください。,"部位別料金は、SSパーツ3,980円、Sパーツ7,480円、Lパーツ14,800円です。全身脱毛5回パック（顔・襟足・VIO除く）は209,780円（2回目購入は10％OFF）です。全身脱毛の場合、医療ローンも利用可能です。",3980 7480 14800 209780
faq,料金・費用,メンズ医療脱毛の料金を教えてください。/男性医療脱毛の料金を教えてください。/男性脱毛の料金を教えてください。,"ヒゲ脱毛4部位（あご・あご下・鼻下・ほほ）は1回19,800円、5回セット79,800円です。全身脱毛（顔・襟足・VIO除く）は5回289,800円（月々4,500円～）です。",4500 19800 79800 289800
faq,料金・費用,シミ取りレーザー3・5・10の料金はいくらですか？,"シミ取りレーザー3は3個まで、5は5個まで、10は10個までのシミが大きさ問わず取り放題です。【初回】シミ取りレーザー3（初回限定）：7,800円、レーザー5：18,800円、レーザー10：29,800円。【2回目以降】レーザー5：23,800円、レーザー10：34,800円です。麻酔代・軟膏代・内服薬は別料金です。",7800 18800 23800 29800 34800
faq,料金・スマートサイドドット,スマートサイドドットレーザーの料金はいくらですか／スマサイの料金はいくらですか／スマートサイドドットはいくらですか,"スマートサイドドットレーザーは自由診療です。部位ごとの料金（税込）は以下のとおりです。【1回 / 5回セット / 5回セット終了後1回】額24,800円/99,200円/18,600円、眉間14,000円/56,000円/10,500円、鼻根部まで10,800円/43,200円/8,100円、片ほほ17,000円/68,000円/12,750円、両ほほ29,000円/116,000円/21,750円、ほほ下21,000円/84,000円/15,750円、あご10,800円/43,200円/8,100円、あご下21,000円/84,000円/15,750円、マドンナリフト上19,800円/79,200円/14,850円、マドンナリフト下17,800円/71,200円/13,350円、Lマドンナ24,500円/98,000円/18,375円、鼻下9,800円/39,200円/7,350円、眉間横7,800円/31,200円/5,850円、ほうれい線集中10,800円/43,200円/8,100円、マリオネットライン集中9,800円/39,200円/7,350円、目じり集中9,800円/39,200円/7,350円、首36,300円/145,200円/27,225円、目元を除く顔全体69,000円/276,000円/51,750円、目元を含む顔全体88,000円/352,000円/66,000円、目元を除く鎖骨上顔全体99,800円/399,200円/74,850円、目元を含む鎖骨上顔全体109,800円/439,200円/82,350円。なお、マドンナリフト上・マドンナリフト下・Lマドンナは施術時に金属製コンタクトを装着します（料金別途）。詳しくはこちらからご確認いただけます → https://www.adeb.com/ryokin/%e3%82%a2%e3%83%bc%e3%83%87%e3%83%bb%e3%83%99%e3%83%bc%e3%82%af%e3%83%aa%e3%83%8b%e3%83%83%e3%82%af%e7%a7%8b%e7%94%b0%e9%99%a2/?utm_source=ai&utm_medium=sugudesk",5850 7350 7800 8100 9800 10500 10800 12750 13350 14000 14850 15750 17000 17800 18375 18600 19800 21000 21750 24500 24800 27225 29000 31200 36300 39200 43200 51750 56000 66000 68000 69000 71200 74850 79200 82350 84000 88000 98000 99200 99800 109800 116000 145200 276000 352000 399200 439200
faq,料金・スマートサイドドット,スマートサイドドットレーザーのニキビ跡オプションはいくらですか／スマサイにオプションはありますか,"スマートサイドドットレーザーのニキビ跡オプション（税込）は、1箇所2,200円、8箇所以上15,400円となります。2回目以降の施術で、照射範囲内にあるへこみの強いニキビ跡に集中照射を追加できます。詳しくはこちらからご確認いただけます → https://www.adeb.com/ryokin/%e3%82%a2%e3%83%bc%e3%83%87%e3%83%bb%e3%83%99%e3%83%bc%e3%82%af%e3%83%aa%e3%83%8b%e3%83%83%e3%82%af%e7%a7%8b%e7%94%b0%e9%99%a2/?utm_source=ai&utm_medium=sugudesk",2200 15400
faq,料金・スマートサイドドット,スマートサイドドットレーザーで傷あとの治療はできますか／傷あとの治療料金はいくらですか,"スマートサイドドットレーザーで傷あとの治療が可能です。料金（税込）は顔・体それぞれ以下のとおりです。線状のもの幅5mm未満：2cm未満 顔9,790円/体7,480円、10cm未満 顔17,490円/体11,770円、15cm未満 顔21,890円/体15,950円、20cm未満 顔27,390円/体19,580円、20cm以上 顔1cm×1,245円/体1cm×890円。片腕（前腕全体・リストカット等）体33,000円となります。詳しくはこちらからご確認いただけます → https://www.adeb.com/ryokin/%e3%82%a2%e3%83%bc%e3%83%87%e3%83%bb%e3%83%99%e3%83%bc%e3%82%af%e3%83%aa%e3%83%8b%e3%83%83%e3%82%af%e7%a7%8b%e7%94%b0%e9%99%a2/?utm_source=ai&utm_medium=sugudesk",890 1245 7480 9790 11770 15950 17490 19580 21890 27390 33000
faq,料金・費用,フラル式シミ取りレーザーの料金はいくらですか？,"料金はシミ1個5mmまで5,500円〜です。5個まで取り放題のプランは18,800円で、前処置・アフターケアを含みます。詳しくは料金表をご確認ください。",5500 18800
faq,料金・費用,タトゥー（刺青）除去の料金はいくらですか？,"料金は大きさによって異なり、500円玉サイズまでが初回5,500円、通常16,500円です。セット割もあり、5回セットは20％OFF、10回セットは30％OFFです。",500 5500 16500
faq,施術・治療案内,HARG療法は痛いですか？/ハーグ療法は痛いですか？,"HARG療法は注射による治療のため、チクチクとした刺激を感じることがありますが、麻酔が必要ない程度の軽い痛みです。痛みに敏感な方には笑気麻酔（税込3,300円）もご用意しています。",3300
faq,料金・費用,HARG療法の費用はいくらですか？/ハーグ療法の費用はいくらですか？,"HARG療法の料金は、1回90,200円、6回セットで343,200円です。6回セットは1回ずつ受けるよりも198,000円お得です。笑気麻酔をご希望の場合は、別途3,300円がかかります。",3300 90200 198000 343200
faq,料金・費用,メンズヒゲ脱毛の料金を教えてください。,"4パーツ（頬・鼻下・顎・顎下）は1回19,800円、5回セット79,800円です。2パーツ（鼻下・顎）は1回6,500円、5回セット24,800円、2パーツ（頬・顎下）は1回14,800円、5回セット59,800円です。",6500 14800 19800 24800 59800 79800
faq,料金・費用,フラルスキン治療に使用する化粧品はどんなものですか？,"FLALUコスメシリーズを併用します。レアセラム（美容液）12,500円、メディオイル（化粧用オイル）5,800円、クレンジング（洗顔料）2,800円を組み合わせ、トレチノインと併用することで最大の効果を発揮します。",2800 5800 12500
faq,料金・費用,フラルスキン治療の料金はいくらですか？,"フラルスキン治療で使用する製品の料金（税込）は、トレチノイン11,500円、トレチノインゲル各5,800円、レアセラム2本セット12,500円、メディオイル5,800円、クレンジング2,800円です。自由診療となります。詳しくはこちらからご確認いただけます → https://www.adeb.com/ryokin/%e3%82%a2%e3%83%bc%e3%83%87%e3%83%bb%e3%83%99%e3%83%bc%e3%82%af%e3%83%aa%e3%83%8b%e3%83%83%e3%82%af%e7%a7%8b%e7%94%b0%e9%99%a2/?utm_source=ai&utm_medium=sugudesk",2800 5800 11500 12500
faq,料金・費用,ボトックスの料金はいくらですか？／エラボトックスの料金はいくらですか／エラボトはいくらですか／小顔ボトックスの料金を教えてください,"ボトックス治療の料金は、アラガン製1ポイント3,700円、ボツリヌストキシン1ポイント2,500円、小顔（エラボトックス）34,800円〜、ワキ汗49,800円〜です。
詳しくは料金ページをご覧ください。[料金ページ](https://www.adeb.com/ryokin/%e3%82%a2%e3%83%bc%e3%83%87%e3%83%bb%e3%83%99%e3%83%bc%e3%82%af%e3%83%aa%e3%83%8b%e3%83%83%e3%82%af%e7%a7%8b%e7%94%b0%e9%99%a2/?utm_source=ai&utm_medium=sugudesk)
※ボトックスの必要ポイント数は医師の診察時の判断となります。",2500 3700 34800 49800
faq,料金・費用,mikoメソッドの料金はいくらですか？／ミコメゾットの料金を教えてください／首イボの治療の料金はいくらですか？／首イボ取りはいくらかかりますか／首イボ除去の費用を教えてください,"mikoメソッド首イボ治療（2mm未満の首イボ）の料金（税込）は、個数によって異なります。【1〜20個目】1個1,800円、【21〜50個】一律37,000円、【51個目〜】1個740円です。別途初診料3,300円、麻酔クリーム1,950円、薬代450円程度がかかります。詳しくはこちらからご確認いただけます → https://www.adeb.com/ryokin/%e3%82%a2%e3%83%bc%e3%83%87%e3%83%bb%e3%83%99%e3%83%bc%e3%82%af%e3%83%aa%e3%83%8b%e3%83%83%e3%82%af%e7%a7%8b%e7%94%b0%e9%99%a2/?utm_source=ai&utm_medium=sugudesk",450 740 1800 1950 3300 37000
faq,施術・治療案内,ミラドライの治療に麻酔クリームは使用できますか？,"当院では、痛みに配慮し、麻酔クリームと麻酔注射を併用する方法をご案内しています。麻酔クリームは両ワキで3,900円となります。",3900
faq,料金・費用,ミラドライの料金はいくらですか？,"ミラドライの料金は、1回242,000円です。2回目以降は189,800円となります。当院では2回セットの割引プランもご用意しています。
詳しくは料金ページ（https://www.adeb.com/ryokin/%e3%82%a2%e3%83%bc%e3%83%87%e3%83%bb%e3%83%99%e3%83%bc%e3%82%af%e3%83%aa%e3%83%8b%e3%83%83%e3%82%af%e7%a7%8b%e7%94%b0%e9%99%a2/?utm_source=ai&utm_medium=sugudesk）をご覧ください。ご予約はWEB予約（https://adeb.reserve.ne.jp/sp/）またはLINE予約（https://page.line.me/epg9453r）から可能です。",189800 242000
faq,料金・費用,MOFU23の価格はいくらですか？,"MOFU23の価格は単品8,800円、定期購入は7,920円です。料金の詳細は料金ページ（https://www.adeb.com/ryokin/%e3%82%a2%e3%83%bc%e3%83%87%e3%83%bb%e3%83%99%e3%83%bc%e3%82%af%e3%83%aa%e3%83%8b%e3%83%83%e3%82%af%e7%a7%8b%e7%94%b0%e9%99%a2/?utm_source=ai&utm_medium=sugudesk）をご覧ください。ご相談やご購入はWEB予約（https://adeb.reserve.ne.jp/sp/）またはLINE予約（https://page.line.me/epg9453r）から可能です。",7920 8800
faq,料金・費用,毛穴ピコフラクショナルの料金はいくらですか？,"毛穴ピコフラクショナルは自費診療です。料金（税込）は全顔34,800円、全顔5回セット139,200円、部分（300ショット）9,800円となります（麻酔代・軟膏代別途）。詳しくはこちらからご確認いただけます → https://www.adeb.com/ryokin/%e3%82%a2%e3%83%bc%e3%83%87%e3%83%bb%e3%83%99%e3%83%bc%e3%82%af%e3%83%aa%e3%83%8b%e3%83%83%e3%82%af%e7%a7%8b%e7%94%b0%e9%99%a2/?utm_source=ai&utm_medium=sugudesk",9800 34800 139200
faq,料金・費用,稗粒腫の料金はいくらですか？／稗粒腫の治療費はいくらですか？／稗粒腫の治療の料金はいくらですか？,"稗粒腫の自費治療の料金（税込）は、取り放題（1〜30個）一律25,500円、31個目以降は1個につき850円となります。詳しくはこちらからご確認いただけます → https://www.adeb.com/ryokin/%e3%82%a2%e3%83%bc%e3%83%87%e3%83%bb%e3%83%99%e3%83%bc%e3%82%af%e3%83%aa%e3%83%8b%e3%83%83%e3%82%af%e7%a7%8b%e7%94%b0%e9%99%a2/?utm_source=ai&utm_medium=sugudesk",850 25500
faq,料金・費用,LED治療はいくらですか？青色LED治療はいくらですか？ニキビ治療はいくらですか？,"LED治療は初回お試しが1,100円、2回目以降は2,800円、学割の場合は2,300円でご案内しております。また、お得な10回チケットは20,000円でご購入いただけます。詳しくは料金ページ（https://www.adeb.com/ryokin/%e3%82%a2%e3%83%bc%e3%83%87%e3%83%bb%e3%83%99%e3%83%bc%e3%82%af%e3%83%aa%e3%83%8b%e3%83%83%e3%82%af%e7%a7%8b%e7%94%b0%e9%99%a2/?utm_source=ai&utm_medium=sugudesk）をご覧ください。",1100 2300 2800 20000
faq,料金,フラル式シミレーザー治療（顔）の料金を教えてください。,"AdeBクリニックのフラル式シミレーザー治療（顔）は、初回と2回目以降で料金が異なります。【初回】直径5mm：5,500円、10mm：11,000円、15mm：16,500円。【2回目以降】直径5mm：10,500円、10mm：16,500円、15mm：21,500円です。詳しくは料金ページ（https://www.adeb.com/ryokin/%e3%82%a2%e3%83%bc%e3%83%87%e3%83%bb%e3%83%99%e3%83%bc%e3%82%af%e3%83%aa%e3%83%8b%e3%83%83%e3%82%af%e7%a7%8b%e7%94%b0%e9%99%a2/?utm_source=ai&utm_medium=sugudesk）をご覧ください。",5500 10500 11000 16500 21500
faq,料金,シミ取り放題（顔）の料金を教えてください。,"AdeBクリニックのシミ取り放題（顔）は、大きさに関わらず、選んだプランの個数（3個／5個／10個）までシミ取りが可能です。【初回】シミ取りレーザー3（初回限定）：7,800円、レーザー5：18,800円、レーザー10：29,800円。【2回目以降】レーザー5：23,800円、レーザー10：34,800円です。シミ取りレーザー3は、「初回限定」で顔のシミを3個まで取れるプランです。",7800 18800 23800 29800 34800
faq,料金,ピコフラクショナルはいくらですか？,"AdeBクリニックのピコフラクショナルには大きく2種類あり、目的によって料金が異なります。
【そばかす向け（そばかすシャワー）】両ほほ：19,800円、全顔（瞼除く）：24,800円。
【毛穴向け（毛穴ピコフラクショナル）】全顔：34,800円、部分300ショット：9,800円です。",9800 19800 24800 34800
faq,料金,16mm以上のイボの料金はいくらですか／大きなイボの料金を教えてください,"イボレーザー（炭酸ガスレーザー）で16mm以上の大きなイボは、長径のmmサイズ×1,300円で料金を計算します。詳しくはこちらからご確認いただけます → https://www.adeb.com/ryokin/%e3%82%a2%e3%83%bc%e3%83%87%e3%83%bb%e3%83%99%e3%83%bc%e3%82%af%e3%83%aa%e3%83%8b%e3%83%83%e3%82%af%e7%a7%8b%e7%94%b0%e9%99%a2/?utm_source=ai&utm_medium=sugudesk",1300
faq,料金,目元のイボの料金はいくらですか？,"AdeBクリニックの目元のイボ治療は、2mm未満でも1個あたり6,500円となります。",6500
faq,"料金,割引",イボレーザーの治療総額が一定額を超えると割引はありますか？,"AdeBクリニックのイボレーザー治療で、料金が総額110,000円を超えた場合、以降のイボレーザー治療は30%OFFになります。割引は最初の治療日から半年間有効です。麻酔代・軟膏代・テープ代・診察料などは割引対象外です。",110000
faq,"料金,割引",2mm未満3個セット料金は割引対象になりますか？,"イボレーザーの2mm未満3個セットの料金は7,000円（税込）です。このセット料金は治療総額には含まれますが、30%OFFの割引対象にはなりません。詳しくはこちらからご確認いただけます → https://www.adeb.com/ryokin/%e3%82%a2%e3%83%bc%e3%83%87%e3%83%bb%e3%83%99%e3%83%bc%e3%82%af%e3%83%aa%e3%83%8b%e3%83%83%e3%82%af%e7%a7%8b%e7%94%b0%e9%99%a2/?utm_source=ai&utm_medium=sugudesk",7000
faq,料金,粉瘤手術の料金はいくらですか？,"AdeBクリニックの粉瘤手術（保険診療）は、治療部位と大きさによって費用が異なります。【露出部（顔・首・前腕など）】直径2cm未満：3割負担の場合5,000〜6,000円程度、1割負担の場合2,000円程度。直径2cm以上は当院では治療を行っておりません。【露出部以外（体幹・上腕・大腿など）】直径2cm未満：3割負担の場合5,000〜6,000円程度、1割負担の場合1,500円程度。直径2cm以上は当院では治療を行っておりません。※非露出部は半袖や半ズボンで隠れる部分を指します。※症状によっては処置できない場合があります。",1500 2000 6000
faq,料金,女性のレーザー脱毛の料金を教えてください。/女性の脱毛はいくらですか？,"AdeBクリニックのレーザー脱毛（女性）は、部位や回数によって料金が異なります。【パーツ脱毛】SSパーツ1ヵ所3,980円、Sパーツ1ヵ所7,480円、Lパーツ1ヵ所14,800円。【顔脱毛4か所（両ほほ・鼻下・あご・あご下）】1回19,800円、5回セット91,680円。【全身脱毛】単発1回49,800円（おひとり様10回まで）、全身脱毛5回パック（顔・襟足・VIO除く）209,780円（医療ローン60回払いの場合は月々4,400円〜）。5回パック終了後は、再度5回パック購入が10%OFFとなります。",3980 4400 7480 14800 19800 49800 91680 209780
faq,料金,男性のレーザー脱毛の料金を教えてください。/男性の脱毛はいくらですか？,"AdeBクリニックのレーザー脱毛（男性）は、部位や回数によって料金が異なります。【パーツ脱毛】SSパーツ1ヵ所3,980円、Sパーツ1ヵ所7,480円、Lパーツ1ヵ所16,800円。【ひげ脱毛4か所（両ほほ・鼻下・あご・あご下）】1回19,800円、5回セット79,800円。【ひげ脱毛2か所（鼻下・あご）】1回6,500円、5回セット24,800円。【ひげ脱毛2か所（両ほほ・あご下）】1回14,800円、5回セット59,800円。【全身脱毛】単発1回52,000円（おひとり様10回まで）、全身脱毛5回パック（顔・襟足・VIO除く）219,800円（医療ローン60回払いの場合は月々4,500円〜）。5回パック終了後は、再度5回パック購入が10%OFFとなります。",3980 4500 6500 7480 14800 16800 19800 24800 52000 59800 79800 219800
faq,料金,薄毛治療の料金を教えてください。,"AdeBクリニックの薄毛治療は、施術内容によって料金が異なります。【HARG療法】1回90,200円、6回セット349,200円。笑気麻酔をご希望の場合は別途3,300円が必要です。【エキシマライト（保険診療）】3割負担の方で約1,020円（別途保険診察料あり）。【スカルプ育毛エッセンス「MOFU23」PREMIUM】8,800円。【育毛促進注射】1回3,300円（頭皮LED治療と同日なら1回2,200円）。※スカルプエッセンス療法は、HARG療法を1度でも受けた方が対象です。",1020 2200 3300 8800 90200 349200
faq,料金,メンズ薄毛治療プランの料金を教えてください。,"AdeBクリニックのメンズ薄毛治療プランは、目的に合わせて3つのプランをご用意しています。【① お家で薄毛予防プラン（内服）】初回1,800円、通常4,800円、3ヶ月まとめ買い12,960円（10%OFF）。【② お家で発毛プラン（内服＋育毛エッセンス）】初回10,600円、通常13,600円、3ヶ月まとめ買い36,720円（10%OFF）。【③ 発毛促進プラン（HARG療法1回＋内服＋育毛エッセンス）】初回100,800円、通常103,800円、3ヶ月まとめ買い220,860円（10%OFF）。",1800 4800 10600 12960 13600 36720 100800 103800 220860
faq,料金,レディース薄毛治療プランの料金を教えてください。,"AdeBクリニックのレディース薄毛治療プランは、目的に合わせて3つのプランがあります。【① お家で薄毛予防プラン（内服）】初回6,200円、通常9,200円、3ヶ月まとめ買い24,840円（10%OFF）。【② お家で発毛プラン（内服＋育毛エッセンス）】初回15,000円、通常18,000円、3ヶ月まとめ買い48,600円（10%OFF）。【③ 発毛促進プラン（HARG療法1回＋内服＋育毛エッセンス）】初回105,200円、通常108,200円、3ヶ月まとめ買い232,740円（10%OFF）。",6200 9200 15000 18000 24840 48600 105200 108200 232740
faq,料金,予防接種の料金を教えてください。,"AdeBクリニックの予防接種は、ワクチンの種類によって料金が異なります。【子宮頸がんワクチン（公費）】無料。【子宮頸がんワクチン（自費）】1回26,400円。【帯状疱疹ワクチン（50歳以上）】1回22,200円です。",22200 26400
faq,料金,子宮頸がんのワクチンはいくらですか？,"子宮頸がんワクチンは公費の場合、無料となり、自費の場合1回26,400円となります。",26400
faq,,帯状疱疹ワクチンはいくらですか？,"帯状疱疹ワクチン1回22,200円です。",22200
faq,料金,内服薬やサプリメントの料金を教えてください。,"AdeBクリニックの内服薬・サプリメント（自費）は、以下の料金でご案内しております。【グルタチオン100mg】90錠4,400円、180錠8,800円。【JMBポーサインPRO（プラセンタサプリ）】1箱12,000円です。",4400 8800 12000
faq,料金,フェイシャルケアの初回限定チケットの料金を教えてください。,"AdeBクリニックのフェイシャルケアでは、お試し後にご利用いただける初回限定チケットをご用意しています。【シルバープラン】フェイシャル全2回で33,000円。【ゴールドプラン】フェイシャル全4回で55,000円。※初回限定メニューはお一人様1回限りとなります。",33000 55000
faq,料金,基礎化粧品の料金を教えてください。,"AdeBクリニックの基礎化粧品は、以下の料金でご案内しております。【FLALUクレンジング】2,800円。【FLALUレアセラム2本セット】12,500円。【FLALUレアセラム3本セット】17,750円。【FLALUメディオイル】5,800円。【FLALUオールインワンジェル】10,780円です。",2800 5800 10780 12500 17750
faq,料金,FLALUクレンジングの料金はいくらですか？,"AdeBクリニックのFLALUクレンジングは2,800円です。",2800
faq,料金,FLALUレアセラム2本セットの料金はいくらですか？,"AdeBクリニックのFLALUレアセラム2本セットは12,500円です。",12500
faq,料金,FLALUレアセラム3本セットの料金はいくらですか？,"AdeBクリニックのFLALUレアセラム3本セットは17,750円です。",17750
faq,料金,FLALUメディオイルの料金はいくらですか？,"AdeBクリニックのFLALUメディオイルは5,800円です。",5800
faq,料金,FLALUオールインワンジェルの料金はいくらですか？,"AdeBクリニックのFLALUオールインワンジェルは10,780円です。",10780
faq,料金,ラシャスリップスの料金はいくらですか？,"AdeBクリニックのラシャスリップス（医療機関専売リップグロス）は、1本10,890円です。",10890
faq,料金,そばかすシャワーの料金はいくらですか？,"そばかすシャワーの料金は、両頬19,800円、全顔24,800円です。別途、麻酔クリームや軟膏代がかかる場合があります。",19800 24800
faq,料金・麻酔,麻酔注射はいくらですか？,"麻酔注射の料金は1回1,200円です。",1200
faq,料金・麻酔,麻酔クリームはいくらですか？,"麻酔クリームの料金は、顔1/4以下が900円、顔半分以下が1,500円、顔全体が1,950円です。",900 1500 1950
faq,料金・麻酔,笑気麻酔の料金はいくらですか？,"笑気麻酔の料金は3,300円です。",3300
faq,料金・麻酔,目元用コンタクトレンズと点眼の料金はいくらですか？,"目元用コンタクトレンズとベノキシール点眼の料金は、1回3,300円です。",3300
faq,脱毛_料金,SSパーツの脱毛はいくらですか？,"SSパーツの医療脱毛は、1ヵ所1回3,980円です。SSパーツには、鼻下・あご・へそ周り・乳輪周りなどが含まれます。",3980
faq,脱毛_料金,Sパーツの脱毛はいくらですか？,"Sパーツの医療脱毛は、1ヵ所1回7,480円です。両脇、両ほほ、あご下、ビキニラインなどがSパーツに該当します。",7480
faq,脱毛_料金,Lパーツの脱毛はいくらですか？,"Lパーツの医療脱毛は、1ヵ所1回14,800円（女性）、16,800円（男性）です。胸・お腹・背中・太ももなどの広範囲が対象です。",14800 16800
faq,脱毛_料金,顔の脱毛はいくらですか？,"顔脱毛は、照射部位によって料金が異なります。SSパーツは1回3,980円、Sパーツは1回7,480円です。複数部位を組み合わせて施術することも可能です。",3980 7480
faq,脱毛_料金,ワキ脱毛はいくらですか？/ワキ脱毛はいくらですか？/脇脱毛はいくらですか？/脇脱毛の料金,"両脇の医療脱毛は、Sパーツに該当し、1回7,480円です。男女ともに同一料金です。",7480
faq,脱毛_料金,VIO脱毛はいくらですか？,"VIO脱毛は女性のみ対応しています。VラインはLパーツ1回14,800円、Iライン・OラインはSパーツ1回7,480円です。男性のVIO脱毛は行っていません。",7480 14800
faq,脱毛_料金,ヒゲ脱毛はいくらですか？,"男性のヒゲ脱毛は、4ヶ所1回19,800円、5回セット79,800円です。鼻下・顎のみの場合は、1回6,500円、5回セット24,800円です。",6500 19800 24800 79800
faq,脱毛_料金,全身脱毛はいくらですか？,"全身脱毛5回パックは、女性209,780円、男性289,800円です。いずれも顔・襟足・VIOは含まれていません。",209780 289800
faq,脱毛_料金,脱毛料金以外にかかる費用はありますか？,"脱毛料金とは別に、麻酔代や軟膏代がかかる場合があります。麻酔クリームは900円〜1,950円、笑気麻酔は3,300円です。",900 1950 3300
faq,イボ治療,イボ取り放題はありますか？,"首にできる小さなイボについては、mikoメソッドによる首イボ治療を行っており、1回の治療で複数個まとめて除去することが可能です。mikoメソッドは2mm未満の首イボ（アクロコルドン・スキンタッグ・軟性線維腫）に適した自費診療で、首の範囲にあるイボをまとめて治療できます。料金は首イボ50個まで取り放題プラン37,000円、51個目からは1個につき740円治療回数は1回で、混雑時は1回あたり最大150個までとなる場合があります。",740 37000
faq,イボ治療,首のイボはまとめて取れますか？,"首にできる小さなイボについては、mikoメソッドによる首イボ治療で、1回の治療で複数個まとめて除去することが可能です。2mm未満の首イボ（アクロコルドン・スキンタッグ・軟性線維腫）が対象で、首の範囲内にあるイボをまとめて治療します。料金は首イボ50個まで取り放題プラン37,000円、51個目からは1個につき740円です。治療回数は1回で、混雑時は1回あたり最大150個までとなる場合があります。",740 37000
faq,イボ治療,首イボは何個まで一度に取れますか？,"mikoメソッドによる首イボ治療では、1回の治療で複数個の首イボをまとめて除去することが可能です。通常は首イボ50個まで37,000円で治療を行っており、混雑時は1回あたり最大150個まで治療できる場合があります。治療回数は1回です。",37000
faq,イボ治療,首イボの治療は取り放題ですか？,"mikoメソッドによる首イボ治療では、1回の治療で複数個の首イボをまとめて除去できます。料金は首イボ50個まで取り放題プラン37,000円、51個目からは1個につき740円です。治療回数は1回で、混雑時は1回あたり最大150個までとなる場合があります。",740 37000
faq,イボ治療,首にできた小さいイボは一度で取れますか？,"2mm未満の小さな首イボについては、mikoメソッドによる首イボ治療で、1回の治療でまとめて除去することが可能です。首の範囲にあるイボを対象とし、治療回数は1回です。料金は首イボ50個まで取り放題プラン37,000円、51個目からは1個につき740円です。治療回数は1回で、混雑時は1回あたり最大150個までとなる場合があります。",740 37000
faq,イボ治療,スキンタッグやアクロコルドンはまとめて取れますか？,"スキンタッグやアクロコルドン（軟性線維腫）に該当する首イボは、mikoメソッドによる首イボ治療でまとめて除去することが可能です。1回の治療で複数個の首イボを対象とし、料金は首イボ50個まで37,000円です。",37000
faq,料金・費用,血管腫レーザーの料金はいくらですか？,"血管腫レーザーの料金（税込）は大きさによって異なります。直径5mm未満は5,700円、10mm未満は11,200円、15mm未満は16,700円です。直径15mm以上の場合は1ショット追加ごとに2,200円が加算されます。詳しくはこちらからご確認いただけます → https://www.adeb.com/ryokin/%e3%82%a2%e3%83%bc%e3%83%87%e3%83%bb%e3%83%99%e3%83%bc%e3%82%af%e3%83%aa%e3%83%8b%e3%83%83%e3%82%af%e7%a7%8b%e7%94%b0%e9%99%a2/?utm_source=ai&utm_medium=sugudesk",2200 5700 11200 16700
faq,料金・費用,血管腫が大きい場合の料金はどうなりますか？,"直径15mm以上の場合は、1ショット追加ごとに2,200円が加算されます。",2200
faq,赤み治療,ほほ全体の赤み治療もできますか？,"ほほ全体の赤み治療も可能です。片ほほは33,000円、両ほほは60,500円で治療を行っています。",33000 60500
faq,脱毛・キャンセル料,脱毛施術のキャンセル料はいくらですか？,"当日の変更・キャンセルの場合、1部位につき1,100円（最大3,300円）のキャンセル料が発生します。当日の時間変更もキャンセルポリシーの対象となります。体調不良や月経等の場合も対象となります。",1100 3300
faq,施術・治療,脂腺増殖症は治療できますか？,"イボレーザー（炭酸ガスレーザー）を用いての治療が可能です。料金（税込）は、直径2mm未満3個まで7,000円、直径5mm未満1個7,000円、直径10mm未満1個13,500円、直径15mm未満1個19,800円となります。16mm以上は長径mm×1,300円です。目元のイボは2mm未満でも1個あたり7,000円となります。詳しくはこちらからご確認いただけます → https://www.adeb.com/service/co2laser/?utm_source=ai&utm_medium=sugudesk",1300 7000 13500 19800
faq,施術・治療,脂漏性角化症はいくらですか／脂漏性角化症は治療可能ですか,"首や体の2mm未満のイボはmikoメソッドによる治療となります。2mm以上のイボおよび顔の脂漏性角化症の場合はイボレーザー（炭酸ガスレーザー）による治療となります。mikoメソッドの料金（税込）は1〜20個目1個1,800円、21〜50個一律37,000円、51個目以降1個740円です。イボレーザーの料金（税込）は直径2mm未満3個まで7,000円、5mm未満7,000円、10mm未満13,500円、15mm未満19,800円です。詳しくはこちらからご確認いただけます → https://www.adeb.com/service/co2laser/?utm_source=ai&utm_medium=sugudesk",740 1800 7000 13500 19800 37000
faq,料金・支払い,"シミ診断の費用はいくらですか？（初診料, 再診料, カウンセリング料）","シミの診断のみをご希望の場合、当院での自費治療が初めての方は初診料3,300円、当院で自費治療のご経験がある方は再診料880円となります。",880 3300
faq,料金・支払い,"シミ取りレーザーの際、軟膏や麻酔、薬代などの目安を教えてください。（追加費用, 処方箋, 薬局）","麻酔代は1,200円（自費）です。軟膏や内服薬は保険処方となるため、負担割合や受診条件により異なりますが、3割負担の方でおよそ1,000～2,000円程度が目安です。別途、調剤薬局でのお薬代が発生します。お薬代は調剤薬局へお問い合わせください。",1200 2000
faq,料金・支払い,"シェービングサービスはありますか？（前処理, 剃毛, 自己処理）","前処理は有料オプションとなります。ご自身で対応が難しい背中（上・下）は各2,750円、全身脱毛の場合は5,500円となります。",2750 5500
faq,その他,"診察券をなくした場合はどうすればよいですか？（紛失, 再発行費用）",初回は無料で再発行いたします。2回目以降は再発行手数料110円をいただきます。,110
faq,赤ら顔・料金,赤ら顔治療の料金はいくらですか？,"赤ら顔治療の一例として、フォト治療による赤ら顔10回セット（全顔）は198,000円です。",198000
faq,そばかす（雀卵斑）,そばかす治療の料金はいくらですか？,"料金は、そばかすシャワー（両頬）19,800円、そばかすシャワー（全顔）24,800円、そばかす取り放題（200ショットまで）60,500円、そばかす取り放題（300ショットまで）82,500円です。",19800 24800 60500 82500
faq,そばかす（雀卵斑）,そばかす取り放題の追加ショットはできますか？,"そばかす取り放題のオプションとして、取り放題当日に100ショットまで22,000円で追加可能です。また、取り放題治療から1年以内であれば100ショットまで33,000円で追加可能です。",22000 33000
faq,料金・テノールネオ,テノールネオの料金を教えてください／テノールネオはいくらですか／テノールネオの値段を教えてください,"テノールネオの料金（税込）は以下のとおりです。初回お試し8,800円、1回43,000円、5回券125,000円、10回券208,000円、20回券358,000円、30回券477,000円、月額会員コース（月1回）16,800円、月額会員コース（月2回）29,800円となります。なお2026年4月中は旧テノール料金でのご購入・ご入会も可能です。詳しくはスタッフまでお気軽にお声がけください。",8800 16800 29800 43000 125000 208000 358000 477000
faq,料金・テノールネオ,テノールネオの初回料金はいくらですか／テノールネオをお試しで受けたい,"テノールネオの初回お試し料金は8,800円（税込）となります。詳しくはスタッフまでお気軽にお声がけください。",8800
faq,料金・テノールネオ,テノールネオの回数券の料金はいくらですか,"テノールネオの回数券料金（税込）は、5回券125,000円、10回券208,000円、20回券358,000円、30回券477,000円となります。詳しくはスタッフまでお気軽にお声がけください。",125000 208000 358000 477000
faq,料金・テノールネオ,テノールネオの月額コースの料金はいくらですか／テノールネオの月会員はありますか,"テノールネオの月額会員コースの料金（税込）は、月1回コース16,800円、月2回コース29,800円となります。詳しくはスタッフまでお気軽にお声がけください。",16800 29800
faq,施術・プラセンタ注射,プラセンタ注射は保険診療ですか／プラセンタ注射は自由診療ですか／プラセンタ注射に保険は使えますか,"プラセンタ注射は自由診療となります。保険は適用されません。料金は1本1,200円、2本1,900円（税込）となります。詳しくはこちらからご確認いただけます → https://www.adeb.com/service/placenta/?utm_source=ai&utm_medium=sugudesk",1200 1900
faq,料金・費用,AdeBクリニックの施術は費用がかかりますか／お金はかかりますか／無料で受けられますか,"AdeBクリニックの施術は、保険診療と自由診療があります。自由診療の初診料は3,300円、再診料は880円となります。各施術の料金は料金ページにてご確認いただけます。詳しくはこちらからご確認いただけます → https://www.adeb.com/ryokin/%e3%82%a2%e3%83%bc%e3%83%87%e3%83%bb%e3%83%99%e3%83%bc%e3%82%af%e3%83%aa%e3%83%8b%e3%83%83%e3%82%af%e7%a7%8b%e7%94%b0%e9%99%a2/?utm_source=ai&utm_medium=sugudesk
またAdeBクリニックでは、患者様のお悩みに応じて美容カウンセリングスタッフが治療内容についてご説明する美容相談も行っています。気になっている治療があるけれど不安な方や自分に合う治療がわからない方などのお悩みをお伺いし、当院の治療方針や施術内容についてご案内します。※無料美容相談はスタッフによるもので、医師の診察・治療は含まれません。医師による診察や治療は後日となります。美容相談の予約はWEB予約サイト、LINE、またはお電話（050-8882-5800）で承っています。 ・ WEB予約 こちらからご予約ください （（https://www.adeb.com/yoyaku/?utm_source=ai&utm_medium=sugudesk） ・ LINE予約 こちらからご予約ください （（https://page.line.me/epg9453r）） ・お電話 📞 050-8882-5800 ※電話受付時間：月～水・金～日曜日／9:00～13:00、14:00～17:45（木曜日休診）",880 3300
faq,料金・イボレーザー,体のイボ取り料金はいくらですか／背中のイボ1つを取りたい場合の料金は,"イボレーザー（炭酸ガスレーザー）の料金（税込）は、直径2mm未満3個まで6,500円、直径5mm未満1個6,500円、直径10mm未満1個13,000円、直径15mm未満1個19,500円となります。20mm以上は長径mm×1,300円です。別途初診料3,300円・再診料880円および麻酔代がかかります。当院では、首のイボだけでなく、顔や体などさまざまな部位のイボ治療を行っていますが、イボの大きさや種類、できている場所によって、適した治療方法が異なる場合があります。お悩みやご希望を伺いながら治療内容をご説明する美容相談も当院では無料で行っておりますので、まずはお気軽にご相談ください。※無料美容相談はスタッフによるもので、医師の診察・治療は含まれません。医師による診察や治療は後日となります。",880 1300 3300 6500 13000 19500
faq,料金・イボ,イボの診察・診断だけの料金はいくらですか／イボを診てもらうだけでもいくらかかりますか,"イボの診察・診断のみの場合、自費初診料3,300円（再診料880円）がかかります。当日治療を希望されない場合も予約が必要です。詳しくはこちらからご確認いただけます → https://www.adeb.com/ryokin/%e3%82%a2%e3%83%bc%e3%83%87%e3%83%bb%e3%83%99%e3%83%bc%e3%82%af%e3%83%aa%e3%83%8b%e3%83%83%e3%82%af%e7%a7%8b%e7%94%b0%e9%99%a2/?utm_source=ai&utm_medium=sugudesk",880 3300
faq,料金・ほくろ,ほくろ除去の麻酔代・薬代はいくらですか／ほくろ治療の総額を教えてください,"ほくろ除去レーザー（自費）の料金は1個1mmあたり3,800円（税込）で、別途診察料・麻酔代・薬代がかかります。麻酔注射1,200円、麻酔クリームは範囲により900円〜1,950円となります。保険診療でのほくろ切除（3割負担・5mmまで1個）は約4,980円で、別途病理診断料・麻酔代・加算料がかかります。詳しくはこちらからご確認いただけます → https://www.adeb.com/ryokin/%e3%82%a2%e3%83%bc%e3%83%87%e3%83%bb%e3%83%99%e3%83%bc%e3%82%af%e3%83%aa%e3%83%8b%e3%83%83%e3%82%af%e7%a7%8b%e7%94%b0%e9%99%a2/?utm_source=ai&utm_medium=sugudesk",900 1200 1950 3800 4980
faq,料金・シミ取り,約1cmのシミ治療はいくらかかりますか／10mmのシミを取りたい,"フラル式シミレーザー治療（顔）の直径10mmの場合、初回11,000円、2回目以降16,500円（税込）となります。別途初診料3,300円・再診料880円がかかります。詳しくはこちらからご確認いただけます → https://www.adeb.com/ryokin/%e3%82%a2%e3%83%bc%e3%83%87%e3%83%bb%e3%83%99%e3%83%bc%e3%82%af%e3%83%aa%e3%83%8b%e3%83%83%e3%82%af%e7%a7%8b%e7%94%b0%e9%99%a2/?utm_source=ai&utm_medium=sugudesk",880 3300 11000 16500
faq,料金・シミ取り放題,シミ取りレーザー10個の合計料金はいくらですか,"シミ取り放題レーザー10（大きさ問わず10個まで）の料金（税込）は、初回29,800円、2回目以降34,800円となります。別途初診料3,300円・再診料880円がかかります。詳しくはこちらからご確認いただけます → https://www.adeb.com/ryokin/%e3%82%a2%e3%83%bc%e3%83%87%e3%83%bb%e3%83%99%e3%83%bc%e3%82%af%e3%83%aa%e3%83%8b%e3%83%83%e3%82%af%e7%a7%8b%e7%94%b0%e9%99%a2/?utm_source=ai&utm_medium=sugudesk",880 3300 29800 34800
faq,料金・ワキガ,ワキガ治療はいくらかかりますか／ミラドライの料金を教えてください,"ワキガ治療のミラドライの料金（税込）は、1回242,000円（医療ローン月々5,000円〜）、2回目以降189,800円となります。ボトックスによるわき汗治療は両脇49,800円〜となります（必要ポイント数は医師の診察時に決まります）。詳しくはこちらからご確認いただけます → https://www.adeb.com/ryokin/%e3%82%a2%e3%83%bc%e3%83%87%e3%83%bb%e3%83%99%e3%83%bc%e3%82%af%e3%83%aa%e3%83%8b%e3%83%83%e3%82%af%e7%a7%8b%e7%94%b0%e9%99%a2/?utm_source=ai&utm_medium=sugudesk",5000 49800 189800 242000
faq,料金・首のシワ,首のシワ治療の料金はいくらですか,"首のシワ治療にはスマートサイドドットレーザーがあり、首1回36,300円、5回セット145,200円、5回セット終了後1回27,225円（税込）となります。詳しくはこちらからご確認いただけます → https://www.adeb.com/ryokin/%e3%82%a2%e3%83%bc%e3%83%87%e3%83%bb%e3%83%99%e3%83%bc%e3%82%af%e3%83%aa%e3%83%8b%e3%83%83%e3%82%af%e7%a7%8b%e7%94%b0%e9%99%a2/?utm_source=ai&utm_medium=sugudesk",27225 36300 145200
faq,料金・シワ,眉間のシワ取りの料金はいくらですか／メンズの眉間シワ取り料金は,"眉間のシワ治療はスマートサイドドットレーザーとボトックスがあります。スマートサイドドットの眉間は1回14,000円、5回セット56,000円（税込）、ボトックスは必要ポイント数×2,500円〜3,700円（税込、ポイント数は医師の診察時に決まります）となります。男女ともに受けていただけます。詳しくはこちらからご確認いただけます → https://www.adeb.com/ryokin/%e3%82%a2%e3%83%bc%e3%83%87%e3%83%bb%e3%83%99%e3%83%bc%e3%82%af%e3%83%aa%e3%83%8b%e3%83%83%e3%82%af%e7%a7%8b%e7%94%b0%e9%99%a2/?utm_source=ai&utm_medium=sugudesk",2500 3700 14000 56000
faq,料金・ケミカルピーリング,ケミカルピーリングは保険適用ですか／ケミカルピーリングは保険が使えますか,"ケミカルピーリングは自由診療となり、保険は適用されません。料金（税込）は全顔6,900円、全顔（学割）4,600円などとなります。詳しくはこちらからご確認いただけます → https://www.adeb.com/ryokin/%e3%82%a2%e3%83%bc%e3%83%87%e3%83%bb%e3%83%99%e3%83%bc%e3%82%af%e3%83%aa%e3%83%8b%e3%83%83%e3%82%af%e7%a7%8b%e7%94%b0%e9%99%a2/?utm_source=ai&utm_medium=sugudesk",4600 6900
faq,料金・シミ取りクリーム,シミ取りクリームの料金はいくらですか,"シミ取りクリームの料金（税込）は、1個4,950円、3個セット10,890円、10個セット32,890円となります。詳しくはこちらからご確認いただけます → https://www.adeb.com/ryokin/%e3%82%a2%e3%83%bc%e3%83%87%e3%83%bb%e3%83%99%e3%83%bc%e3%82%af%e3%83%aa%e3%83%8b%e3%83%83%e3%82%af%e7%a7%8b%e7%94%b0%e9%99%a2/?utm_source=ai&utm_medium=sugudesk",4950 10890 32890
faq,予約・受付,稗粒腫の保険治療（5個以内）は予約が必要ですか／稗粒腫治療は予約不要ですか,"稗粒腫治療（保険5個以内）は予約不要でお受けいただけます。診療カレンダーにて可能日をご確認のうえご来院ください。外来順でのご案内となります。なお、自費の稗粒腫取り放題（30個まで一律25,500円）は電話予約が必要です。詳しくはこちらからご確認いただけます → https://www.adeb.com/calendar/?utm_source=ai&utm_medium=sugudesk",25500
faq,施術・ピアス,予約なしでピアスの穴あけはできますか／ピアスは予約不要ですか,"ピアスの穴あけは予約不要でお受けいただけます。診療カレンダーにて可能日をご確認のうえご来院ください。対象は18歳以上（高校生不可）で、片耳のみの場合も両耳と同料金9,800円（税込）となります。詳しくはこちらからご確認いただけます → https://www.adeb.com/calendar/?utm_source=ai&utm_medium=sugudesk",9800
faq,施術・ケミカルピーリング,ケミカルピーリングは何歳から受けられますか／ケミカルピーリングの対象年齢を教えてください,"ケミカルピーリングは特に年齢制限は設けておりませんが、未成年の方は保護者の同意が必要です。なお学割料金（全顔4,600円税込）もございます。詳しくはこちらからご確認いただけます → https://www.adeb.com/service/chemicalpiiling/?utm_source=ai&utm_medium=sugudesk",4600
faq,施術・アートメイク,眉のアートメイクはありますか/眉タトゥーはありますか,"アートメイクは眉・アイライン・リップ・ヘアライン（女性のみ）の施術を行っています。料金は各部位59,000円（税込）となります。完全予約制でお電話にてご予約を承っております。お電話：050-8882-5880（月〜水・金〜日 9:00〜13:00／14:00〜17:45、木曜休診）詳しくはこちらからご確認いただけます → https://www.adeb.com/service/artmake/?utm_source=ai&utm_medium=sugudesk",59000
faq,施術・内服薬,グルタチオンの内服薬はありますか／グルタチオンのサプリを処方してもらえますか,"グルタチオン100mgの内服薬（サプリメント）を取り扱っています。料金（税込）は90錠4,400円、180錠8,800円となります。詳しくはこちらからご確認いただけます → https://www.adeb.com/ryokin/%e3%82%a2%e3%83%bc%e3%83%87%e3%83%bb%e3%83%99%e3%83%bc%e3%82%af%e3%83%aa%e3%83%8b%e3%83%83%e3%82%af%e7%a7%8b%e7%94%b0%e9%99%a2/?utm_source=ai&utm_medium=sugudesk",4400 8800
faq,料金・ボトックス,口の上のボトックスはいくらですか／口周りのボトックス料金を教えてください,"口の上のボトックスはアラガンボトックス1ポイント3,700円、ボツリヌストキシン1ポイント2,500円（税込）となります。必要なポイント数は医師の診察時に決まります。なお口の上のボトックスは電話予約制となっております。お電話：050-8882-5880（月〜水・金〜日 9:00〜13:00／14:00〜17:45、木曜休診）",2500 3700
faq,施術・ニキビ,ニキビ治療にはどのくらい費用と時間がかかりますか／ニキビ治療の料金と所要時間を教えてください,"ニキビ治療は保険診療と自由診療の2種類があります。保険診療では外用薬（ディフェリンゲル・ベピオゲル等）や内服薬の処方を中心に行います。自由診療ではケミカルピーリング（全顔6,900円・学割4,600円税込・施術約30分）、LED治療（初回1,100円・2回目以降2,800円税込）、フォト（光治療）などを組み合わせることができます。保険診療の診察料・薬代は保険の種類や処方内容によって異なります。詳しくはこちらからご確認いただけます → https://www.adeb.com/hoken/nikibi/?utm_source=ai&utm_medium=sugudesk",1100 2800 4600 6900
faq,料金・スマートサイドドット,Lマドンナの料金はいくらですか／Lマドンナはいくらですか,"Lマドンナの料金（税込）は1回24,500円、5回セット98,000円、5回セット終了後1回18,375円となります。施術時に金属製コンタクトを装着します（料金別途）。ご予約はスマートサイドドットレーザーの部位としてご選択いただけます。詳しくはこちらからご確認いただけます → https://www.adeb.com/ryokin/%e3%82%a2%e3%83%bc%e3%83%87%e3%83%bb%e3%83%99%e3%83%bc%e3%82%af%e3%83%aa%e3%83%8b%e3%83%83%e3%82%af%e7%a7%8b%e7%94%b0%e9%99%a2/?utm_source=ai&utm_medium=sugudesk",18375 24500 98000
faq,料金・肝斑,肝斑治療の料金はいくらですか／肝斑はいくらかかりますか,"肝斑治療の料金（税込）は施術メニューによって金額が異なります。・レーザートーニング（両ほほのみ1回（初回）3,300円・両ほほのみ1回5,500円・全顔1回15,080円・5回セット67,500円・10回セット119,000円）・ピコトーニング（全顔1回18,100円・5回セット81,000円・10回セット142,800円）。肌の状態によって適した施術が異なります。詳しくはこちらからご確認いただけます → https://www.adeb.com/ryokin/%e3%82%a2%e3%83%bc%e3%83%87%e3%83%bb%e3%83%99%e3%83%bc%e3%82%af%e3%83%aa%e3%83%8b%e3%83%83%e3%82%af%e7%a7%8b%e7%94%b0%e9%99%a2/?utm_source=ai&utm_medium=sugudesk",3300 5500 15080 18100 67500 81000 119000 142800
faq,料金・クマ,クマ治療の料金/くま治療の料金,"クマ治療の料金（税込）はは施術メニューによって金額が異なります。・テノールネオ（初回お試し8,800円・1回43,000円・5回券125,000円・10回券208,000円）・マドンナリフト上（眉毛の下〜まつ毛の上の範囲）1回19,800円・5回セット79,200円・5回終了後14,850円・マドンナリフト下（まつ毛の下〜1.5cmまでの範囲）1回17,800円・5回セット71,200円・5回終了後13,350円・Lマドンナ1回24,500円・5回セット98,000円・5回終了後18,375円。クマの状態によって適した施術が異なりますので、まずは診察にてご相談ください。詳しくはこちらからご確認いただけます → https://www.adeb.com/ryokin/%e3%82%a2%e3%83%bc%e3%83%87%e3%83%bb%e3%83%99%e3%83%bc%e3%82%af%e3%83%aa%e3%83%8b%e3%83%83%e3%82%af%e7%a7%8b%e7%94%b0%e9%99%a2/?utm_source=ai&utm_medium=sugudesk",8800 13350 14850 17800 18375 19800 24500 43000 71200 79200 98000 125000 208000
faq,料金・クレーター,クレーター・ニキビ跡の治療料金はいくらですか／クレーター治療はいくらかかりますか,"クレーター・ニキビ跡治療の料金（税込）は施術メニューによって金額が異なります。・スマートサイドドットレーザー（両ほほ1回29,000円・5回セット116,000円）・ダーマペン4（初回全顔16,500円・2回目以降22,000円）・ヴェルヴェットスキン（初回全顔22,000円・2回目以降27,500円）・フォト（全顔 1回20,000円・3回セット54,000円・5回セット80,000円）。症状の程度によって適した施術が異なります。詳しくはこちらからご確認いただけます → https://www.adeb.com/ryokin/%e3%82%a2%e3%83%bc%e3%83%87%e3%83%bb%e3%83%99%e3%83%bc%e3%82%af%e3%83%aa%e3%83%8b%e3%83%83%e3%82%af%e7%a7%8b%e7%94%b0%e9%99%a2/?utm_source=ai&utm_medium=sugudesk",16500 20000 22000 27500 29000 54000 80000 116000
faq,料金・シワ,シワ治療の料金はいくらですか／シワはいくらで治せますか,"シワ治療の料金（税込）は施術メニューによって金額が異なります。・ボトックス（アラガン1ポイント3,700円・ボツリヌストキシン1ポイント2,500円）・スマートサイドドットレーザー（眉間1回14,000円・額1回24,800円など部位により異なります）・サーマクール（顔1回目179,500円）・コラーゲンピール（初回顔11,000円・2回目以降15,400円）・48クリーム（10g 11,000円・50g 43,800円）。シワの部位や深さによって適した施術が異なります。詳しくはこちらからご確認いただけます → https://www.adeb.com/ryokin/%e3%82%a2%e3%83%bc%e3%83%87%e3%83%bb%e3%83%99%e3%83%bc%e3%82%af%e3%83%aa%e3%83%8b%e3%83%83%e3%82%af%e7%a7%8b%e7%94%b0%e9%99%a2/?utm_source=ai&utm_medium=sugudesk",2500 3700 11000 14000 15400 24800 43800 179500
faq,料金・たるみ,たるみ治療の料金はいくらですか／たるみはいくらで改善できますか,"たるみ治療の料金（税込）は以下のとおりです。・サーマクール（顔1回目179,500円）・テノール（初回お試し6,600円・1回26,400円）・スマートサイドドットレーザー（両ほほ1回29,000円など部位により異なります）・マドンナリフト上（眉毛の下〜まつ毛の上の範囲）1回19,800円・5回セット79,200円・5回終了後14,850円・マドンナリフト下（まつ毛の下〜1.5cmまでの範囲）1回17,800円・5回セット71,200円・5回終了後13,350円・Lマドンナ1回24,500円・5回セット98,000円・5回終了後18,375円・ボトックス（アラガン1ポイント3,700円）。たるみの部位や程度によって適した施術が異なりますので、まずは診察にてご相談ください。詳しくはこちらからご確認いただけます → https://www.adeb.com/ryokin/%e3%82%a2%e3%83%bc%e3%83%87%e3%83%bb%e3%83%99%e3%83%bc%e3%82%af%e3%83%aa%e3%83%8b%e3%83%83%e3%82%af%e7%a7%8b%e7%94%b0%e9%99%a2/?utm_source=ai&utm_medium=sugudesk",3700 6600 13350 14850 17800 18375 19800 24500 26400 29000 71200 79200 98000 179500
faq,料金・毛穴,毛穴治療の料金はいくらですか／毛穴ケアはいくらかかりますか,"毛穴治療の料金（税込）は施術メニューによって金額が異なります。・ケミカルピーリング（全顔6,900円・学割4,600円）・スマートサイドドットレーザー（両ほほ1回29,000円など部位により異なります）・レーザートーニング（全顔1回15,080円・5回セット67,500円）。毛穴の種類や状態によって適した施術が異なります。詳しくはこちらからご確認いただけます → https://www.adeb.com/ryokin/%e3%82%a2%e3%83%bc%e3%83%87%e3%83%bb%e3%83%99%e3%83%bc%e3%82%af%e3%83%aa%e3%83%8b%e3%83%83%e3%82%af%e7%a7%8b%e7%94%b0%e9%99%a2/?utm_source=ai&utm_medium=sugudesk",4600 6900 15080 29000 67500
faq,料金・くすみ,くすみ治療の料金はいくらですか／くすみ改善はいくらかかりますか,"くすみ治療の料金（税込）は施術メニューによって金額が異なります。・レーザートーニング（全顔1回15,080円・5回セット67,500円・10回セット119,000円）・フォト（光治療）（全顔1回20,000円・3回セット54,000円・5回セット80,000円）。肌の状態によって適した施術が異なります。詳しくはこちらからご確認いただけます → https://www.adeb.com/ryokin/%e3%82%a2%e3%83%bc%e3%83%87%e3%83%bb%e3%83%99%e3%83%bc%e3%82%af%e3%83%aa%e3%83%8b%e3%83%83%e3%82%af%e7%a7%8b%e7%94%b0%e9%99%a2/?utm_source=ai&utm_medium=sugudesk",15080 20000 54000 67500 80000 119000
faq,料金・ニキビ,ニキビ治療の料金はいくらですか／ニキビ治療はいくらかかりますか,"ニキビ治療の料金（税込）は施術メニューによって金額が異なります。・保険診療（3割負担の場合、診察料・処方薬代が別途かかります）・ケミカルピーリング（全顔6,900円・学割4,600円）・スマートサイドドットレーザー（両ほほ1回29,000円など部位により異なります）。ニキビの状態や種類によって適した治療が異なります。詳しくはこちらからご確認いただけます → https://www.adeb.com/ryokin/%e3%82%a2%e3%83%bc%e3%83%87%e3%83%bb%e3%83%99%e3%83%bc%e3%82%af%e3%83%aa%e3%83%8b%e3%83%83%e3%82%af%e7%a7%8b%e7%94%b0%e9%99%a2/?utm_source=ai&utm_medium=sugudesk",4600 6900 29000
faq,料金・あざ,あざ・ADM治療の料金はいくらですか／あざ治療はいくらかかりますか,"あざ（ADM）治療の料金（税込）は両ほほ1回13,200円、両こめかみ1回8,800円となります。あざの種類や深さによって適した治療が異なりますので、まずは診察にてご相談ください。詳しくはこちらからご確認いただけます → https://www.adeb.com/ryokin/%e3%82%a2%e3%83%bc%e3%83%87%e3%83%bb%e3%83%99%e3%83%bc%e3%82%af%e3%83%aa%e3%83%8b%e3%83%83%e3%82%af%e7%a7%8b%e7%94%b0%e9%99%a2/?utm_source=ai&utm_medium=sugudesk",8800 13200
faq,料金・傷跡,傷跡・リストカット跡の治療料金はいくらですか,"傷跡・リストカット跡の治療にはスマートサイドドットレーザーをご案内しています。料金（税込）は傷跡の大きさにより異なります。線状のもの（顔）：2cm未満9,790円・10cm未満17,490円・15cm未満21,890円・20cm未満27,390円・20cm以上1cm×1,245円。片腕（前腕全体・リストカット等）体33,000円。詳しくはこちらからご確認いただけます → https://www.adeb.com/ryokin/%e3%82%a2%e3%83%bc%e3%83%87%e3%83%bb%e3%83%99%e3%83%bc%e3%82%af%e3%83%aa%e3%83%8b%e3%83%83%e3%82%af%e7%a7%8b%e7%94%b0%e9%99%a2/?utm_source=ai&utm_medium=sugudesk",1245 9790 17490 21890 27390 33000
faq,料金・シミ,シミ取りの料金はいくらですか／シミを取るといくらかかりますか／シミ除去の費用を教えてください,"シミ治療の料金（税込）は施術メニューによって異なります。フラル式シミレーザー治療（顔）は初回5mm5,500円・10mm11,000円・15mm16,500円、シミ取り放題プランは初回3個7,800円・5個18,800円・10個29,800円となります。別途初診料3,300円・再診料880円がかかります。詳しくはこちらからご確認いただけます → [料金案内](https://www.adeb.com/ryokin/%e3%82%a2%e3%83%bc%e3%83%87%e3%83%bb%e3%83%99%e3%83%bc%e3%82%af%e3%83%aa%e3%83%8b%e3%83%83%e3%82%af%e7%a7%8b%e7%94%b0%e9%99%a2/?utm_source=ai&utm_medium=sugudesk)",880 3300 5500 7800 11000 16500 18800 29800
faq,料金・ハイドラジェントル,ハイドラジェントル会員コースの料金を教えてください／ハイドラジェントルの月額はいくらですか,"ハイドラジェントル会員コース（月額）の料金（税込）は全顔月1回11,800円となります。ご入会時に入会金16,500円が別途必要です。最低契約期間は3ヶ月で、利用料は毎月前払いとなります。なお月の最大回数以下の来店でも翌月への繰り越しはありません。詳しくはこちらからご確認いただけます → [料金案内](https://www.adeb.com/ryokin/%e3%82%a2%e3%83%bc%e3%83%87%e3%83%bb%e3%83%99%e3%83%bc%e3%82%af%e3%83%aa%e3%83%8b%e3%83%83%e3%82%af%e7%a7%8b%e7%94%b0%e9%99%a2/?utm_source=ai&utm_medium=sugudesk)",11800 16500
faq,料金・テノールネオ,テノールネオのシルバープラン・ゴールドプランとは何ですか／テノールネオの初回限定プランを教えてください,"テノールネオにはお試し後の初回限定チケットとして、シルバープラン（全2回33,000円）とゴールドプラン（全4回55,000円）（税込）があります。シルバープランまたはゴールドプランのご購入により、月額会員コースの入会金（16,500円）が免除されます。初回限定メニューはお一人様1回限りです。詳しくはこちらからご確認いただけます → [料金案内](https://www.adeb.com/ryokin/%e3%82%a2%e3%83%bc%e3%83%87%e3%83%bb%e3%83%99%e3%83%bc%e3%82%af%e3%83%aa%e3%83%8b%e3%83%83%e3%82%af%e7%a7%8b%e7%94%b0%e9%99%a2/?utm_source=ai&utm_medium=sugudesk)",16500 33000 55000
faq,料金・会員,会員コースの入会金はいくらですか／入会金はかかりますか,"各会員コースご入会時には入会金16,500円（税込）が別途必要となります。ただしテノールネオのシルバープランまたはゴールドプランのご購入、またはレーザートーニング全顔5回の施術を受けることで入会金が免除されます。詳しくはこちらからご確認いただけます → [料金案内](https://www.adeb.com/ryokin/%e3%82%a2%e3%83%bc%e3%83%87%e3%83%bb%e3%83%99%e3%83%bc%e3%82%af%e3%83%aa%e3%83%8b%e3%83%83%e3%82%af%e7%a7%8b%e7%94%b0%e9%99%a2/?utm_source=ai&utm_medium=sugudesk)",16500
faq,料金・取り放題,レーザー治療の取り放題はありますか／取り放題メニューはありますか／取り放題の料金を教えてください,"当院では以下の取り放題メニューをご案内しています。■ シミ取り放題（顔）・シミ取りレーザー3個 7,800円・5個 18,800円・10個 29,800円　■ 首イボ取り放題（mikoメソッド）・21〜50個 一律37,000円・51個目以降 1個740円　■ そばかす取り放題（ピコスポット）・200ショットまで 60,500円・300ショットまで 82,500円 ※オプション：当日100ショット追加22,000円・1年以内100ショット追加33,000円　■ 稗粒腫取り放題・1〜30個 一律25,500円・31個目以降 1個850円　詳しくはこちらからご確認いただけます → [料金案内](https://www.adeb.com/ryokin/%e3%82%a2%e3%83%bc%e3%83%87%e3%83%bb%e3%83%99%e3%83%bc%e3%82%af%e3%83%aa%e3%83%8b%e3%83%83%e3%82%af%e7%a7%8b%e7%94%b0%e9%99%a2/?utm_source=ai&utm_medium=sugudesk)",740 850 7800 18800 22000 25500 29800 33000 37000 60500 82500
faq_campaign,料金・ピコトーニング,ピコトーニングのキャンペーンはありますか／春のくすみリセットキャンペーンについて教えてください,"現在「新メニュー！ピコトーニングスタートCP ～春のくすみリセット～」を実施しています。ピコトーニングのキャンペーン料金（税込）は、初回お試し全顔1回16,290円（通常18,100円）、5回チケット72,900円（通常81,000円・10%OFF）、10回チケット128,520円（通常142,800円・10%OFF）となります。本キャンペーンはレーザートーニングを5回終了した方限定です。なおキャンペーン内容は予告なく変更となる場合があります。詳しくはこちらからご確認いただけます → https://www.adeb.com/service/pico-akita/?utm_source=ai&utm_medium=sugudesk",16290 18100 72900 81000 128520 142800
