No,区分,診療科・外来・センター名,HP上の予約に関する記載（現時点で判明分）,診療日時（判明分）,受付場所（判明分）,【要確認】初診の予約要否,【要確認】再診の予約要否,【要確認】予約先（予約センター／地域連携室／WEB／各科窓口）,【要確認】備考（対象条件・紹介状要否など）
1,内科系,消化器内科,午前は当日受付あり／午後(IBD・膵胆道)は予約制／土曜は「予約不可(初診のみ)」の注記あり,午前9:00-12:00 ほか午後予約制,,,,,
2,内科系,肝臓内科,午後は予約制(14:00-15:30),午前9:00-12:00／午後予約制,,,,,
3,内科系,血液内科,記載なし(要確認),午前9:00-12:00,,,,,
4,内科系,呼吸器内科,記載なし(要確認),午前9:00-12:00,,,,,
5,内科系,循環器内科,記載なし(要確認),午前9:00-12:00,,,,,
6,内科系,内分泌・糖尿病内科,記載なし(要確認),午前9:00-12:00,,,,,
7,専門外来,甲状腺超音波外来,「予約制」と明記,月・火・水・金 14:00-15:00(祝日・年末年始除く),B棟2階(受付O),,,,初診の予約可否がHP未記載
8,専門外来,肥満症治療外来,午前「当日のみ」の注記あり,午前9:00-12:00(当日のみ),,,,,
9,内科系,脳神経内科,記載なし(要確認),午前9:00-12:00,,,,,
10,内科系,リウマチ・膠原病内科,午後診療あり(事前予約制),午前＋午後(予約制),,,,,
11,内科系,腎臓内科,記載なし(要確認),午前9:00-12:00,,,,,
12,内科系,腫瘍内科,記載なし(要確認),午前9:00-12:00,,,,,
13,内科系,小児科,専門外来は「予約のみ」／1ヶ月健診あり,午前＋専門外来(予約制),,,,,
14,内科系,総合内科,記載なし(要確認),午前9:00-12:00,,,,,
15,内科系,一般内科,記載なし(要確認),午前9:00-12:00,,,,,
16,内科系,緩和ケア内科,記載なし(要確認),,,,,,
17,外科系,総合外科,記載なし(要確認),午前9:00-12:00,,,,,
18,外科系,消化器外科,記載なし(要確認),午前9:00-12:00,,,,,
19,外科系,肛門外科,記載なし(要確認),午前9:00-12:00,,,,,
20,外科系,乳腺外科・内分泌外科,記載なし(要確認)／レディース外来あり,午前9:00-12:00,,,,,
21,専門外来,レディース外来(乳腺・形成・婦人科),記載なし(要確認),,,,,,女性医師希望対応との関連
22,外科系,呼吸器外科,午後診療あり(事前予約制),午前＋午後(予約制),,,,,
23,外科系,心臓血管外科,記載なし(要確認),午前9:00-12:00,,,,,
24,外科系,脳神経外科,記載なし(要確認),午前9:00-12:00,,,,,
25,外科系,整形外科,記載なし(要確認),午前9:00-12:00,,,,,
26,専門外来,整形外科 脊髄・脊椎外来,記載なし(要確認),,,,,,
27,外科系,形成外科,記載なし(要確認)／専門外来あり,午前9:00-12:00,,,,,
28,外科系,耳鼻咽喉科・頭頸部外科,記載なし(要確認),午前9:00-12:00,,,,,
29,外科系,泌尿器科,記載なし(要確認),午前9:00-12:00,,,,,
30,外科系,眼科,午後診療あり(事前予約制),午前＋午後(予約制),,,,,
31,外科系,皮膚科,記載なし(要確認),午前9:00-12:00,,,,,
32,外科系,婦人科,記載なし(要確認),午前9:00-12:00,A棟2階(受付I),,,,
33,外科系,産科(産科外来),初診はWEB予約(24時間)／午後は健診枠,午前9:00-12:00 ほか,A棟11階,,,,里帰り入院の電話は平日15:00以降
34,専門外来,無痛分娩外来,無痛分娩教室への参加が必須(要予約),教室:毎月最終週の土曜14:30〜,,,,,2026年1月開始
35,専門外来,NIPT外来,予約制(当院通院中は受診時／他院は紹介状＋地域連携室),土曜9:00-12:00,A棟2階(受付I),,,,
36,専門外来,遺伝診療科,記載なし(要確認),,,,,,
37,その他診療科,歯科口腔外科,紹介状をお持ちの方に限りWEB予約(再診予約・変更・キャンセルはWEB不可),,B棟2階(受付S),,,,
38,その他診療科,精神科,新規外来予約は受付なし(2023年4月時点で予約済の方のみ・主に入院診療),,,,,,新規受診の代替案内先を要確認
39,その他診療科,放射線診断科,各診療科の依頼に基づく／地域紹介検査あり,,,,,,PET-CT等は地域連携室
40,その他診療科,放射線治療科,院内外の主治医からの紹介が起点,,,,,,
41,その他診療科,麻酔科・集中治療科,手術麻酔・ICU中心(外来内容は要確認),,A棟2階(受付G),,,,外来で何を診るか要確認
42,その他診療科,総合救急部 救急科,夜間・休日外来は事前予約不要(直接来院),24時間対応,A棟1階,予約不要(救急),予約不要(救急),,救急は予約対象外
43,その他診療科,リハビリテーション科,外来リハ・心臓リハは担当科の医師と連携,,B棟3階,,,,対象:当院で手術・治療を受けた方等
44,センター,内視鏡センター,内視鏡検査は「午前予約制」の注記あり,,A棟2階,,,,経鼻内視鏡・大腸内視鏡・EUS等
45,センター,肝胆膵センター,記載なし(要確認),,,,,,肝臓内科・膵臓胆道疾患外来と関連
46,専門外来,IBD外来(消化器内科),午後予約制,月・木 14:00-15:30,,,,,
47,専門外来,膵臓・胆道疾患外来(消化器内科),午後予約制,火・金 14:00-15:30,,,,,
48,センター,糖尿病センター,記載なし(要確認),,,,,,内分泌・糖尿病内科と関連
49,センター,肥満症センター,肥満症治療外来は午前「当日のみ」,,,,,,
50,センター,脳卒中センター,記載なし(要確認),,,,,,SCUあり
51,センター,メディカルサポートセンター(人間ドック・検診),事前予約制,午後診療あり(予約制),,,,,人間ドック・ABC健診等
52,中央診療部,薬剤科,患者予約なし(該当なし),,,―,―,―,受診外来ではない
53,中央診療部,臨床検査科,各診療科の指示で実施(患者直接予約なし),,,―,―,―,睡眠時無呼吸検査は入院／女性技師希望は受付申出
54,中央診療部,放射線科,各診療科の依頼で実施(患者直接予約なし),,,―,―,―,マンモグラフィ等
55,中央診療部,医療機器管理室,患者予約なし(該当なし),,,―,―,―,ペースメーカーチェックは不整脈科外来
56,中央診療部,栄養科,栄養相談の予約方法は要確認,,,,,,外来栄養相談の受付窓口
57,その他診療科,病理診断科,患者受診なし(該当なし),,,―,―,―,
